ID,CADD1,CADD2,RecA,EssA,CADD3,CADD4,RecB,EssB,Path,DE,Pair
dd001,4.301835,-1.0,0.34,0.0,3.5945660000000004,-1.0,0.3,1.0,1,CO,KCNQ1/KCNH2
dd002,-0.106983,-1.0,0.16,1.0,5.409467,-1.0,0.51,1.0,1,TD,GJB3/GJB2
dd003,-0.724535,-1.0,0.16,1.0,5.409467,-1.0,0.51,1.0,1,TD,GJB3/GJB2
dd004,-0.724535,-1.0,0.16,1.0,4.71189,-1.0,0.51,1.0,1,TD,GJB3/GJB2
dd005,-1.701666,-1.0,0.2,1.0,2.796133,-1.0,0.44,0.0,0,TD,FOXI1/SLC26A4
dd006,3.213128,-1.0,0.18,1.0,4.221526,4.221526,0.2,0.0,0,CO,ATP2B2/CDH23
dd007,2.035732,-1.0,0.18,0.0,5.755788,-1.0,0.2,0.0,0,TD,PCDH15/CDH23
dd008,4.671952,-1.0,0.18,0.0,4.33649,-1.0,0.2,0.0,0,TD,PCDH15/CDH23
dd009,2.035732,-1.0,0.18,0.0,3.728343,-1.0,0.2,0.0,0,CO,PCDH15/CDH23
dd010,4.890472,-1.0,0.09,1.0,2.647904,-1.0,0.11,1.0,0,TD,NEK1/DYNC2H1
dd011,4.4170940000000005,4.4170940000000005,0.27,1.0,4.278734,-1.0,0.54,1.0,1,CO,NPHS2/NPHS1
dd012,2.232576,-1.0,0.21,0.7447552447552448,3.643036,-1.0,0.13,1.0,0,UK,KAL1/PROKR2
dd013,2.402044,-1.0,0.24,0.7447552447552448,4.361532,-1.0,0.79,1.0,0,CO,NSMF/FGFR1
dd014,2.436953,5.47245,0.24,1.0,3.162876,-1.0,0.79,1.0,0,UK,GNRHR/FGFR1
dd015,3.114676,-1.0,0.21,0.7447552447552448,3.643036,-1.0,0.13,1.0,0,UK,KAL1/PROKR2
dd016,4.556775,-1.0,0.24,0.7447552447552448,2.220736,-1.0,0.21,0.6875,0,UK,NSMF/KAL1
dd017,-0.859406,-1.0,0.24,0.7447552447552448,7.542547,-1.0,0.14,0.0,0,UK,NSMF/TACR3
dd018,5.083552,-1.0,0.79,1.0,3.643036,-1.0,0.13,1.0,0,CO,FGFR1/PROKR2
dd019,3.369439,-1.0,0.11,0.7447552447552448,5.1112470000000005,5.1112470000000005,0.25,1.0,0,CO,BAAT/TJP2
dd020,3.369439,3.369439,0.11,0.7447552447552448,5.1112470000000005,-1.0,0.25,1.0,0,CO,BAAT/TJP2
dd021,3.603918,3.603918,0.13,0.7447552447552448,5.003339,5.003339,0.09,1.0,0,TD,OTUD4/RNF216
dd022,0.89946,-1.0,0.73,1.0,0.38366,-1.0,0.68,1.0,0,TD,EDNRB/RET
dd023,-0.224473,-1.0,0.54,0.0,5.214822,-1.0,0.18,0.0,1,TD,PARK7/PINK1
dd024,5.35657,5.35657,0.48,1.0,-0.676093,-1.0,0.18,0.0,1,CO,PARK2/PINK1
dd026,4.0140449999999985,-1.0,0.41,0.0,4.585069,-1.0,0.62,0.0,0,CO,MYOC/CYP1B1
dd027,1.529561,-1.0,0.41,0.0,4.585069,-1.0,0.62,0.0,0,TD,MYOC/CYP1B1
dd028,6.123654,-1.0,0.42,1.0,5.013726,-1.0,0.89,1.0,1,UK,MITF/TYR
dd029,2.856854,5.013726,0.89,1.0,5.176749,-1.0,0.37,1.0,1,CO,TYR/OCA2
dd030,0.0017460000000000002,-1.0,0.89,1.0,0.996234,0.996234,0.37,1.0,1,CO,TYR/OCA2
dd031,9.115555,10.972158,0.28,1.0,5.519078,-1.0,0.33,1.0,1,UK,COL17A1/LAMB3
dd032,4.8994620000000015,-1.0,0.35,1.0,3.713301,-1.0,0.42,1.0,1,CO,FGG/FGA
dd033,3.957424,-1.0,0.43,1.0,3.983494,4.418069999999998,0.27,0.0,1,CO,SLC3A1/SLC7A9
dd034,3.957424,-1.0,0.43,1.0,4.418069999999998,4.418069999999998,0.27,0.0,1,CO,SLC3A1/SLC7A9
dd035,3.957424,-1.0,0.43,1.0,4.418069999999998,-1.0,0.27,0.0,1,CO,SLC3A1/SLC7A9
dd036,4.16287,3.957424,0.43,1.0,4.418069999999998,-1.0,0.27,0.0,1,CO,SLC3A1/SLC7A9
dd037,4.584978,-1.0,0.21,1.0,3.3458589999999995,-1.0,0.1,1.0,1,CO,FZD4/LRP5
dd038,0.11939,-1.0,0.54,0.0,4.333499,4.333499,0.99,1.0,1,CO,EMD/LMNA
dd039,5.498673,-1.0,0.54,0.0,0.08422400000000001,-1.0,0.99,1.0,1,CO,EMD/LMNA
dd040,3.7738,-1.0,0.16,0.0,6.1836910000000005,-1.0,0.09,1.0,0,CO,GDAP1/MFN2
dd041,4.361712000000002,-1.0,0.56,0.7447552447552448,5.0882580000000015,-1.0,0.14,0.0,1,CO,ALAD/CPOX
dd042,2.555769,-1.0,0.15,0.7447552447552448,5.366282,-1.0,0.34,1.0,0,UK,C10orf2/POLG
dd043,4.957761,-1.0,0.21,1.0,1.483391,-1.0,0.34,0.6875,1,CO,SCN1A/SCN2A
dd045,4.995379,-1.0,0.14,1.0,8.761375,-1.0,0.246,0.0,0,UK,GGCX/ABCC6
dd046,4.250074,-1.0,0.63,1.0,4.008368,-1.0,0.3,1.0,0,CO,PITX2/FOXC1
dd047,4.60991,-1.0,0.59,1.0,3.957298,-1.0,0.246,1.0,1,CO,KRT5/KRT14
dd048,5.10166,-1.0,0.11,0.0,3.996646,-1.0,0.26,1.0,0,CO,KCNE2/SCN5A
dd049,5.905449,-1.0,0.21,1.0,0.0,-1.0,0.246,1.0,0,CO,FZD4/F5
dd050,3.609721,-1.0,0.69,1.0,2.338488,-1.0,0.23,1.0,1,CO,HMBS/UROD
dd051,2.000251,-1.0,0.54,0.0,3.326013,-1.0,0.73,0.0,0,TD,HAMP/HFE
dd052,2.380722,-1.0,0.54,0.0,3.326013,3.326013,0.73,0.0,0,CO,HAMP/HFE
dd053,1.756811,-1.0,0.33,0.0,4.56071,-1.0,0.34,0.0,1,UK,KCNE1/KCNQ1
dd054,1.232433,-1.0,0.33,0.0,5.027294,-1.0,0.34,0.0,1,CO,KCNE1/KCNQ1
dd055,1.232433,-1.0,0.33,0.0,3.900222,-1.0,0.34,0.0,1,UK,KCNE1/KCNQ1
dd056,1.232433,-1.0,0.33,0.0,5.58936,-1.0,0.34,0.0,1,CO,KCNE1/KCNQ1
dd058,3.561128,-1.0,0.33,0.0,3.053674,-1.0,0.3,1.0,1,CO,KCNE1/KCNH2
dd059,1.232433,-1.0,0.33,0.0,4.518,-1.0,0.3,1.0,1,CO,KCNE1/KCNH2
dd060,1.232433,1.232433,0.33,0.0,4.58903,-1.0,0.3,1.0,1,CO,KCNE1/KCNH2
dd061,1.232433,-1.0,0.33,0.0,8.455494999999999,-1.0,0.3,1.0,1,UK,KCNE1/KCNH2
dd062,1.232433,-1.0,0.33,0.0,3.923485,-1.0,0.3,1.0,1,CO,KCNE1/KCNH2
dd063,1.232433,-1.0,0.33,0.0,3.830130000000001,-1.0,0.3,1.0,1,UK,KCNE1/KCNH2
dd064,1.232433,-1.0,0.33,0.0,4.022616,-1.0,0.3,1.0,1,CO,KCNE1/KCNH2
dd065,4.635455,-1.0,0.33,0.0,4.576814,-1.0,0.26,1.0,0,UK,KCNE1/SCN5A
dd066,1.232433,-1.0,0.33,0.0,3.996646,-1.0,0.26,1.0,0,CO,KCNE1/SCN5A
dd067,5.0264739999999986,-1.0,0.34,0.0,6.386285,-1.0,0.3,1.0,1,UK,KCNQ1/KCNH2
dd068,4.530883,-1.0,0.34,0.0,2.52034,-1.0,0.3,1.0,1,UK,KCNQ1/KCNH2
dd069,4.338608,-1.0,0.26,1.0,3.705997,-1.0,0.3,1.0,0,UK,SCN5A/KCNH2
dd070,3.127284,-1.0,0.56,0.0,2.167073,-1.0,0.3,1.0,0,UK,CAV3/KCNH2
dd071,0.0,-1.0,0.1,1.0,3.27133,3.27133,0.31,1.0,1,UK,BBS2/MKKS
dd072,4.110335,7.238539,0.1,1.0,4.18545,-1.0,0.31,1.0,1,UK,BBS2/MKKS
dd073,9.443986,9.443986,0.1,1.0,4.863302,-1.0,0.31,1.0,1,UK,BBS2/MKKS
dd074,9.443986,6.962669,0.1,1.0,7.3092570000000014,-1.0,0.31,1.0,1,TD,BBS2/MKKS
dd075,4.602201,4.602201,0.1,1.0,5.276133,5.276133,0.33,1.0,1,TD,BBS2/BBS4
dd076,5.436425,-1.0,0.246,1.0,5.111048,5.111048,0.18,1.0,1,UK,BBS1/BBS7
dd077,3.775319,-1.0,0.246,1.0,5.285921,0.0,0.1,1.0,1,UK,BBS1/BBS2
dd078,5.837228,3.775319,0.246,1.0,0.47345,-1.0,0.31,1.0,1,UK,BBS1/MKKS
dd079,3.775319,6.722564,0.246,1.0,1.709411,-1.0,0.31,1.0,1,UK,BBS1/MKKS
dd080,3.775319,3.775319,0.246,1.0,4.7620809999999985,-1.0,0.1,1.0,1,UK,BBS1/BBS2
dd081,3.775319,3.775319,0.246,1.0,3.092068,-1.0,0.33,1.0,1,UK,BBS1/BBS4
dd082,8.911102,-1.0,0.1,1.0,2.899034,-1.0,0.33,1.0,1,TD,BBS2/BBS4
dd083,3.519946,-1.0,0.1,1.0,2.899226,-1.0,0.33,1.0,1,TD,BBS2/BBS4
dd084,4.455277,3.775319,0.246,1.0,0.0936,-1.0,0.18,0.6875,0,CO,BBS1/CCDC28B
dd085,3.775319,6.679769,0.246,1.0,0.0936,-1.0,0.18,0.6875,0,CO,BBS1/CCDC28B
dd086,4.613889,3.809803,0.18,1.0,4.33237,-1.0,0.33,1.0,1,CO,BBS7/BBS4
dd087,1.0509879999999998,-1.0,0.18,1.0,4.610975,4.875018,0.1,1.0,1,UK,BBS7/BBS2
dd088,1.850699,1.850699,0.12,0.7447552447552448,4.621748,-1.0,0.31,1.0,1,UK,CEP41/CEP290
dd089,4.9445,-1.0,0.22,0.0,2.5261560000000003,3.860732,0.15,1.0,1,UK,BBS5/BBS10
dd090,2.848632,3.164721,0.15,1.0,4.863302,-1.0,0.31,1.0,1,UK,BBS10/MKKS
dd091,0.0,3.93351,0.15,1.0,4.219388,-1.0,0.17,0.0,1,UK,BBS10/BBS12
dd092,0.0,3.93351,0.15,1.0,-0.873691,-1.0,0.17,0.0,1,UK,BBS10/BBS12
dd093,2.848632,1.074033,0.15,1.0,4.863302,-1.0,0.31,1.0,1,UK,BBS10/MKKS
dd094,3.365504,3.365504,0.17,0.0,1.122719,-1.0,0.33,1.0,1,UK,BBS12/BBS4
dd095,4.973828,3.775319,0.246,1.0,1.210139,-1.0,0.15,1.0,1,UK,BBS1/BBS10
dd096,4.733619,4.733619,0.246,1.0,-1.285891,-1.0,0.15,1.0,1,UK,BBS1/BBS10
dd097,7.238539,0.0,0.1,1.0,4.863302,-1.0,0.31,1.0,1,UK,BBS2/MKKS
dd098,7.238539,5.563619,0.1,1.0,4.863302,-1.0,0.31,1.0,1,UK,BBS2/MKKS
dd099,-1.482503,-1.0,0.15,1.0,5.563619,5.563619,0.1,1.0,1,UK,BBS10/BBS2
dd100,5.563619,9.832771,0.1,1.0,1.757545,-1.0,0.17,0.0,1,UK,BBS2/BBS12
dd101,3.465222,3.465222,0.1,1.0,3.1938310000000003,-1.0,0.17,0.0,1,UK,BBS2/BBS12
dd102,2.848632,2.848632,0.15,1.0,0.373501,-1.0,0.31,1.0,1,UK,BBS10/MKKS
dd103,2.848632,5.147232,0.15,1.0,5.663029,-1.0,0.1,1.0,1,UK,BBS10/BBS2
dd104,4.534078,4.534078,0.15,1.0,4.863302,-1.0,0.31,1.0,1,UK,BBS10/MKKS
dd105,6.679769,6.679769,0.246,1.0,1.31513,-1.0,0.1,1.0,1,UK,BBS1/BBS2
dd106,0.06414299999999999,0.06414299999999999,0.246,1.0,4.101188,-1.0,0.2,1.0,1,UK,BBS1/TTC8
dd107,3.775319,6.679769,0.246,1.0,4.494053,-1.0,0.2,0.6875,1,UK,BBS1/BBS9
dd108,1.542389,1.542389,0.15,1.0,4.219388,-1.0,0.17,0.0,1,UK,BBS10/BBS12
dd109,4.014132,4.014132,0.15,1.0,0.13058699999999998,-1.0,0.31,1.0,1,UK,BBS10/MKKS
dd110,-1.567208,-1.0,0.15,1.0,4.610975,4.875018,0.1,1.0,1,UK,BBS10/BBS2
dd111,4.164857,4.164857,0.21,1.0,2.5915470000000003,-1.0,0.2,1.0,1,UK,ARL6/TTC8
dd112,5.111048,5.111048,0.18,1.0,1.45545,-1.0,0.2,1.0,1,UK,BBS7/TTC8
dd113,3.776343,-1.0,0.246,1.0,8.867450999999997,1.480328,0.17,0.0,1,UK,BBS1/BBS12
dd114,4.266328,-1.0,0.38,1.0,1.18974,-1.0,0.27,1.0,1,TD,CD2AP/NPHS2
dd115,4.4170940000000005,2.905673,0.27,1.0,0.15146700000000002,-1.0,0.54,1.0,1,TD,NPHS2/NPHS1
dd116,3.092947,-1.0,0.87,1.0,2.785108,-1.0,0.54,1.0,0,TD,WT1/NPHS1
dd117,5.401075,-1.0,0.89,1.0,3.870805,-1.0,0.59,1.0,1,TD,TYR/SLC45A2
dd118,9.456068,-1.0,0.89,1.0,4.7636980000000015,-1.0,0.59,1.0,1,TD,TYR/SLC45A2
dd119,0.501678,-1.0,0.37,1.0,4.7636980000000015,4.7636980000000015,0.59,1.0,1,TD,OCA2/SLC45A2
dd120,5.013726,-1.0,0.89,1.0,5.040196,-1.0,0.59,1.0,1,TD,TYR/SLC45A2
dd121,7.087109,-1.0,0.89,1.0,4.808007,-1.0,0.37,1.0,1,TD,TYR/OCA2
dd122,2.674583,-1.0,0.69,0.0,2.241546,0.616388,0.41,0.0,0,UK,NOD2/IL10RA
dd123,5.4658190000000015,-1.0,0.1,1.0,5.3557489999999985,-1.0,0.69,1.0,1,TD,LMBRD1/MTR
dd124,3.079748,-1.0,0.34,1.0,4.577907,-1.0,0.18,0.0,0,TD,MYO7A/PCDH15
dd125,4.090419,-1.0,0.1,1.0,3.603224,-1.0,0.2,0.0,0,CO,EDA/WNT10A
dd126,3.192197,-1.0,0.1,1.0,3.603224,-1.0,0.2,0.0,0,CO,EDA/WNT10A
dd127,4.806961,-1.0,0.1,1.0,3.603224,-1.0,0.2,0.0,0,UK,EDA/WNT10A
dd128,2.581168,-1.0,0.1,1.0,5.3914800000000005,-1.0,0.2,0.0,0,CO,EDA/WNT10A
dd129,2.855734,-1.0,0.1,1.0,5.3914800000000005,-1.0,0.2,0.0,0,UK,EDA/WNT10A
dd130,5.270482,-1.0,0.1,1.0,3.603224,-1.0,0.2,0.0,0,UK,EDA/WNT10A
dd131,4.074946,-1.0,0.27,1.0,3.624765,3.624765,0.54,1.0,1,UK,NPHS2/NPHS1
dd132,5.518074,5.518074,0.27,1.0,1.712975,-1.0,0.54,1.0,1,UK,NPHS2/NPHS1
dd133,4.4170940000000005,4.4170940000000005,0.27,1.0,0.059492,0.059492,0.54,1.0,1,UK,NPHS2/NPHS1
dd134,3.213128,-1.0,0.18,1.0,4.249041,-1.0,0.32,0.0,0,CO,ATP2B2/MYO6
dd135,8.279428,-1.0,0.13,0.0,5.265643,-1.0,0.1,1.0,0,UK,PYGM/CPT2
dd136,5.44194,-1.0,0.21,0.7447552447552448,3.643036,-1.0,0.13,1.0,0,CO,KAL1/PROKR2
dd137,4.364523,-1.0,0.21,0.7447552447552448,3.698727,-1.0,0.79,1.0,1,UK,KAL1/FGFR1
dd138,3.228756,2.436953,0.24,1.0,2.202219,-1.0,0.79,1.0,0,UK,GNRHR/FGFR1
dd139,1.602809,-1.0,0.21,0.7447552447552448,2.593782,-1.0,0.13,1.0,0,UK,KAL1/PROKR2
dd140,-1.012844,-1.0,0.16,1.0,5.058952,-1.0,0.79,1.0,0,UK,KISS1R/FGFR1
dd141,0.184576,-1.0,0.12,0.0,3.425811,-1.0,0.13,1.0,1,UK,PROK2/PROKR2
dd142,1.602809,-1.0,0.21,0.7447552447552448,3.9637,-1.0,0.79,1.0,1,UK,KAL1/FGFR1
dd143,0.826981,-1.0,0.21,0.7447552447552448,10.580704,-1.0,0.14,1.0,0,UK,KAL1/CHD7
dd144,3.740915,-1.0,0.34,0.0,0.714284,-1.0,0.26,1.0,0,CO,KCNQ1/SCN5A
dd145,1.711755,-1.0,0.38,1.0,3.862551,-1.0,0.44,0.0,0,TD,KCNJ10/SLC26A4
dd146,2.463967,-1.0,0.38,1.0,3.08364,-1.0,0.44,0.0,0,TD,KCNJ10/SLC26A4
dd147,6.037361,-1.0,0.34,0.0,1.7404580000000005,-1.0,0.26,1.0,0,CO,KCNQ1/SCN5A
dd148,3.0149790000000003,-1.0,0.71,1.0,7.48412,-1.0,0.68,1.0,1,TD,GDNF/RET
dd152,5.675924,5.675924,0.16,0.0,3.625277,-1.0,0.09,1.0,0,CO,GDAP1/MFN2
dd153,10.052561,3.889288,0.34,1.0,4.046377,-1.0,0.2,0.0,0,TD,MYO7A/CDH23
dd154,3.888608,3.888608,0.17,0.0,3.961229,-1.0,0.2,0.0,0,TD,USH1C/CDH23
dd155,1.569249,1.569249,0.34,1.0,3.972156,-1.0,0.17,0.0,0,TD,MYO7A/GPR98
dd156,3.868949,-1.0,0.16,0.7447552447552448,4.423062,24.667046,0.17,0.0,0,TD,DFNB31/GPR98
dd157,4.549622,-1.0,0.34,1.0,10.799331,3.041613,0.246,0.0,0,TD,MYO7A/USH2A
dd158,0.11939,-1.0,0.54,0.0,4.333499,-1.0,0.99,1.0,1,CO,EMD/LMNA
dd159,0.11939,-1.0,0.54,0.0,4.333499,-1.0,0.99,1.0,1,CO,EMD/LMNA
dd160,0.11939,-1.0,0.54,0.0,4.333499,4.333499,0.99,1.0,1,CO,EMD/LMNA
dd161,3.788518,-1.0,0.11,0.0,8.863742,8.863742,0.246,0.0,0,CO,PDZD7/USH2A
dd162,4.324955,-1.0,0.11,0.0,9.590653,3.878971,0.246,0.0,0,TD,PDZD7/USH2A
dd163,2.103238,-1.0,0.11,0.0,23.654082,-1.0,0.17,0.0,0,TD,PDZD7/GPR98
dd164,5.285027,-1.0,0.79,1.0,3.419855,-1.0,0.12,0.0,0,TD,FGFR1/IL17RD
dd165,1.698856,-1.0,0.16,1.0,2.807864,-1.0,0.12,0.0,0,UK,KISS1R/IL17RD
dd166,4.8109720000000005,-1.0,0.79,1.0,4.840789,-1.0,0.37,1.0,1,UK,FGFR1/DUSP6
dd167,4.459043,-1.0,0.14,1.0,-0.41661,-1.0,0.37,1.0,0,UK,SPRY4/DUSP6
dd168,4.459043,-1.0,0.14,1.0,2.614679,-1.0,0.37,1.0,0,UK,SPRY4/DUSP6
dd169,4.459043,-1.0,0.14,1.0,4.807049,-1.0,0.79,1.0,0,UK,SPRY4/FGFR1
dd170,5.948288,-1.0,0.79,1.0,2.656413,-1.0,0.12,1.0,1,UK,FGFR1/FLRT3
dd171,2.737478,2.737478,0.37,1.0,3.876034,3.876034,0.32,0.6875,0,UK,ITGA7/MYH7B
dd172,4.091597,-1.0,0.94,1.0,1.731814,-1.0,0.246,1.0,1,CO,HNF4A/HNF1A
dd173,2.950994,-1.0,0.57,1.0,7.0629050000000015,-1.0,0.16,0.0,0,TD,PRF1/UNC13D
dd174,3.869388,-1.0,0.57,1.0,1.326083,-1.0,0.16,0.0,0,TD,PRF1/UNC13D
dd175,2.82655,-1.0,0.57,1.0,2.533121,-1.0,0.16,0.0,0,TD,PRF1/UNC13D
dd176,3.869388,-1.0,0.57,1.0,1.133122,-1.0,0.16,0.0,0,TD,PRF1/UNC13D
dd177,3.869388,-1.0,0.57,1.0,0.350463,-1.0,0.16,0.0,0,TD,PRF1/UNC13D
dd178,3.869388,-1.0,0.57,1.0,0.283005,-1.0,0.16,0.0,0,TD,PRF1/UNC13D
dd179,2.64,-1.0,0.57,1.0,3.685043,-1.0,0.16,0.0,0,TD,PRF1/UNC13D
dd180,3.869388,-1.0,0.57,1.0,1.744893,-1.0,0.16,0.0,0,TD,PRF1/UNC13D
dd181,2.935914,-1.0,0.57,1.0,4.0064980000000014,-1.0,0.16,0.0,0,TD,PRF1/UNC13D
dd182,3.869388,-1.0,0.57,1.0,3.928993,-1.0,0.16,0.0,0,TD,PRF1/UNC13D
dd184,3.056591,-1.0,0.57,1.0,1.726749,-1.0,0.16,0.0,0,TD,PRF1/UNC13D
dd185,3.697523,-1.0,0.57,1.0,3.928993,-1.0,0.16,0.0,0,TD,PRF1/UNC13D
dd187,3.869388,-1.0,0.57,1.0,3.435135,-1.0,0.16,0.0,0,TD,PRF1/UNC13D
dd188,3.869388,-1.0,0.57,1.0,2.642346,-1.0,0.13,1.0,0,TD,PRF1/STXBP2
dd190,4.589197,-1.0,0.57,1.0,2.642346,-1.0,0.13,1.0,0,TD,PRF1/STXBP2
dd191,3.869388,-1.0,0.57,1.0,2.985775,-1.0,0.13,1.0,0,TD,PRF1/STXBP2
dd192,3.056591,-1.0,0.57,1.0,2.618917,-1.0,0.13,1.0,0,TD,PRF1/STXBP2
dd193,3.869388,-1.0,0.57,1.0,-0.003109,-1.0,0.13,1.0,0,TD,PRF1/STXBP2
dd194,3.512552,-1.0,0.13,1.0,3.928993,-1.0,0.16,0.0,0,TD,STXBP2/UNC13D
dd195,0.26749,-1.0,0.13,1.0,1.520736,-1.0,0.16,0.0,0,TD,STXBP2/UNC13D
dd196,0.26749,-1.0,0.13,1.0,3.928993,-1.0,0.16,0.0,0,TD,STXBP2/UNC13D
dd197,3.369135,-1.0,0.13,1.0,3.928993,-1.0,0.16,0.0,0,TD,STXBP2/UNC13D
dd198,3.493437,-1.0,0.18,0.0,3.356842,-1.0,0.16,0.0,0,TD,STX11/UNC13D
dd199,2.318556,-1.0,0.13,1.0,3.757619,-1.0,0.18,0.0,0,TD,STXBP2/STX11
dd200,5.220889,-1.0,0.39,0.0,2.642346,-1.0,0.13,1.0,0,TD,RAB27A/STXBP2
dd201,4.752802,-1.0,0.79,1.0,4.892421,-1.0,0.13,1.0,0,UK,FGFR1/PROKR2
dd202,-1.012844,-1.0,0.16,1.0,4.127406,-1.0,0.13,1.0,1,UK,KISS1R/PROKR2
dd203,1.008508,-1.0,0.24,1.0,0.869898,-1.0,0.13,1.0,1,UK,GNRHR/PROKR2
dd204,3.775319,3.775319,0.246,1.0,0.0936,-1.0,0.18,0.6875,0,TD,BBS1/CCDC28B
dd205,3.522096,-1.0,0.15,0.7447552447552448,4.643893,-1.0,0.34,1.0,0,UK,C10orf2/POLG
dd206,2.927896,-1.0,0.51,1.0,5.317999,-1.0,0.11,0.0,0,TD,GJB2/TMPRSS3
dd207,5.181152,-1.0,0.15,0.7447552447552448,2.546684,4.593838,0.246,1.0,0,TD,ATP2B3/LAMA1
dd208,4.52874,4.52874,0.24,1.0,3.934833,-1.0,0.12,0.0,1,UK,GNRHR/PROK2
dd209,2.58301,-1.0,0.37,1.0,1.975674,-1.0,0.38,1.0,0,UK,DSP/TTN
dd210,4.030891,-1.0,0.17,0.7447552447552448,2.219405,-1.0,0.1,0.6875,0,UK,MYH7/NEXN
dd211,4.7980730000000005,-1.0,0.17,0.7447552447552448,4.660833,-1.0,0.246,0.0,0,UK,MYH7/RBM20
dd212,5.023581,-1.0,0.34,1.0,4.425337,-1.0,0.37,1.0,1,UK,JUP/DSP
dd213,4.383755000000002,-1.0,0.34,1.0,5.2684739999999985,-1.0,0.37,1.0,1,UK,JUP/DSP
dd215,2.535094,-1.0,0.16,1.0,2.9919130000000003,2.611133,0.38,1.0,0,UK,ABCC9/TTN
dd216,1.9306330000000005,-1.0,0.37,1.0,2.9919130000000003,2.611133,0.38,1.0,0,UK,DSP/TTN
dd217,2.7154700000000003,-1.0,0.1,0.7447552447552448,1.465804,1.962292,0.38,1.0,0,UK,NEXN/TTN
dd218,4.5743839999999985,-1.0,0.5,1.0,5.530538,-1.0,0.21,0.0,0,CO,BMPR2/KCNA5
dd219,2.04667,-1.0,0.74,1.0,3.115923,-1.0,0.6,1.0,1,CO,NEUROD1/PDX1
dd220,1.870774,-1.0,0.74,1.0,3.115923,-1.0,0.6,1.0,1,CO,NEUROD1/PDX1
dd221,4.727828,-1.0,0.11,0.0,4.21807,-1.0,0.17,0.0,0,TD,PDZD7/GPR98
dd222,4.382105,-1.0,0.21,0.0,2.711169,-1.0,0.23,0.0,0,TD,PRPH2/ROM1
dd223,4.382105,-1.0,0.21,0.0,0.986968,-1.0,0.23,0.0,0,TD,PRPH2/ROM1
dd224,5.250162,-1.0,0.14,1.0,5.623049,5.623049,0.39,0.0,0,TD,TRIM54/TRIM63
dd225,2.638527,-1.0,0.4,0.7447552447552448,5.1787160000000005,-1.0,0.246,0.0,1,TD,PSMA3/PSMB8
dd226,3.598519,-1.0,0.4,0.7447552447552448,5.1787160000000005,-1.0,0.246,0.0,1,TD,PSMA3/PSMB8
dd227,2.580143,-1.0,0.3,0.7447552447552448,2.203908,-1.0,0.246,0.0,1,TD,PSMB4/PSMB9
dd228,4.753241,-1.0,0.3,0.7447552447552448,4.939535,-1.0,0.246,0.0,1,TD,PSMB4/PSMB8
dd229,3.299783,-1.0,0.08,1.0,5.760267,-1.0,0.1,0.0,1,TD,CDK5RAP2/CEP152
dd230,3.499032,-1.0,0.25,1.0,1.335134,-1.0,0.34,1.0,1,CO,COL4A4/COL4A3
dd231,3.736677,-1.0,0.25,1.0,3.114188,-1.0,0.34,1.0,1,CO,COL4A4/COL4A3
dd232,7.868958,-1.0,0.25,1.0,2.820066,-1.0,0.34,1.0,1,CO,COL4A4/COL4A3
dd233,2.356017,-1.0,0.25,1.0,1.04267,-1.0,0.34,1.0,1,CO,COL4A4/COL4A3
dd234,3.833215,-1.0,0.25,1.0,3.3728510000000003,-1.0,0.34,1.0,1,CO,COL4A4/COL4A3
dd235,3.3565160000000005,-1.0,0.246,1.0,3.620466,-1.0,0.25,1.0,1,CO,COL4A5/COL4A4
dd236,3.864577,-1.0,0.246,1.0,3.359245,-1.0,0.25,1.0,1,CO,COL4A5/COL4A4
dd237,4.274384,-1.0,0.246,1.0,4.099046,-1.0,0.25,1.0,1,CO,COL4A5/COL4A4
dd238,3.666266,-1.0,0.246,1.0,0.89145,-0.763392,0.25,1.0,1,CO,COL4A5/COL4A4
dd239,0.0,0.0,0.246,0.7447552447552448,3.935655,3.935655,0.17,1.0,0,TD,MAN1B1/SEC23A
dd240,5.506169,-1.0,0.246,0.7447552447552448,1.501642,12.505465,0.246,0.0,0,TD,C2orf71/RP1L1
dd241,3.361967,-1.0,0.89,1.0,3.3518160000000004,-1.0,0.11,1.0,0,TD,SHH/DISP1
dd242,4.513022,-1.0,0.42,1.0,5.409467,-1.0,0.51,1.0,0,TD,MITF/GJB2
dd243,-0.442019,-1.0,0.11,1.0,-2.487647,-1.0,0.21,1.0,1,TD,NLRP3/MEFV
dd244,1.354115,-1.0,0.11,1.0,3.077868,-1.0,0.21,1.0,1,TD,NLRP3/MEFV
dd245,1.7484110000000002,-1.0,0.92,0.0,-0.077319,-1.0,0.21,1.0,0,TD,TNFRSF1A/MEFV
dd246,3.761366,-1.0,0.25,1.0,2.831737,-1.0,0.34,1.0,1,UK,COL4A4/COL4A3
dd247,1.43772,-1.0,0.25,1.0,2.831737,-1.0,0.34,1.0,1,UK,COL4A4/COL4A3
dd248,4.099245,-1.0,0.246,1.0,2.831737,-1.0,0.34,1.0,1,UK,COL4A5/COL4A3
dd249,4.352459,-1.0,0.25,1.0,2.895022,-1.0,0.34,1.0,1,CO,COL4A4/COL4A3
dd250,1.975505,-1.0,0.246,1.0,-0.06415900000000001,-1.0,0.25,1.0,1,TD,COL4A5/COL4A4
dd251,4.210091,-1.0,0.246,1.0,2.776385,-1.0,0.34,1.0,1,CO,COL4A5/COL4A3
dd252,4.024977,-1.0,0.59,1.0,4.329338,-1.0,0.246,1.0,1,TD,KRT5/KRT14
dd253,4.959666,-1.0,0.59,1.0,3.648342,-1.0,0.246,1.0,1,CO,KRT5/KRT14
dd254,1.062264,-1.0,0.19,0.0,3.620931,-1.0,0.08,1.0,0,CO,BMP15/SMC1B
dd255,4.4794480000000005,-1.0,0.09,1.0,4.31121,-1.0,0.246,1.0,0,CO,REC8/GDF9
dd256,5.120849,-1.0,0.1,0.0,3.780572,-1.0,0.42,1.0,0,CO,GALT/FOXL2
dd257,2.914203,-1.0,0.1,1.0,4.004676,-1.0,0.246,1.0,0,CO,FIGLA/GDF9
dd258,1.062264,-1.0,0.19,0.0,1.782693,-1.0,0.246,1.0,0,CO,BMP15/NOBOX
dd259,0.6362949999999999,0.187768,0.246,1.0,0.944786,-1.0,0.08,1.0,0,CO,NOBOX/SMC1B
dd260,1.062264,-1.0,0.19,0.0,0.6362949999999999,-1.0,0.246,1.0,0,CO,BMP15/NOBOX
dd261,2.595146,-1.0,0.246,0.7447552447552448,5.079566000000002,-1.0,0.15,1.0,0,TD,TRAPPC9/PDE3A
dd262,4.109768,-1.0,0.1,1.0,2.851845,-1.0,0.62,0.0,0,TD,TEK/CYP1B1
dd263,0.827058,-1.0,0.1,1.0,4.585069,-1.0,0.62,0.0,0,TD,TEK/CYP1B1
dd264,2.523488,-1.0,0.1,1.0,4.0354480000000015,-1.0,0.62,0.0,0,TD,TEK/CYP1B1
dd265,0.546625,-1.0,0.1,1.0,4.0354480000000015,-1.0,0.62,0.0,0,TD,TEK/CYP1B1
dd266,0.465999,-1.0,0.14,0.7447552447552448,3.809204,-1.0,0.13,1.0,0,TD,WDR11/PROKR2
dd267,3.68753,-1.0,0.51,1.0,4.01483,-1.0,0.11,0.0,0,UK,GJB2/TMPRSS3
dd268,4.176776,-1.0,0.1,1.0,0.0,-1.0,0.08,0.6875,0,TD,LRP5/EYS
du0,7.466842999999999,-1.0,0.23648673386236105,1.0,8.857963999999997,-1.0,0.8827394249049071,1.0,1,DD,ADAR/APOB
du1,6.9390089999999995,-1.0,0.107360998190337,1.0,3.6458269999999997,-1.0,0.3172369079489883,0.6875,0,DD,ANKRD11/FLG
du2,4.02108523939394,-1.0,0.318463892440723,0.7447552447552448,3.7420480000000014,-1.0,0.126455109157384,0.6875,1,DD,KMT2A/ARID1B
du3,2.8198119999999998,-1.0,0.7664522503396779,1.0,11.366191,-1.0,0.3172369079489883,0.6875,0,DD,ENG/ASXL3
du4,3.705321,-1.0,0.17331610025786906,0.0,7.08488,-1.0,0.559056807961552,1.0,1,DD,SLC26A1/CACNA1A
du5,5.0631580000000005,-1.0,0.318463892440723,1.0,13.116067000000001,-1.0,0.120314359519674,1.0,1,DD,COL5A1/CHD8
du6,10.530907000000001,-1.0,0.147209846651216,0.0,1.402203,-1.0,0.492459776754414,1.0,0,DD,CRYGD/COL4A1
du7,8.374283,-1.0,0.134727766187217,0.0,2.532432,-1.0,0.550701348049982,1.0,0,DD,PRICKLE2/CREBBP
du8,12.82818,-1.0,0.94603256251457,1.0,2.0283189999999998,-1.0,0.6791446349186621,1.0,0,DD,PTEN/DNM1
du9,3.713686,-1.0,0.20079224670596696,0.0,4.532255,-1.0,0.113767183058891,1.0,0,DD,MYO1F/FBN1
du10,5.616766999999999,-1.0,0.0941238697702983,1.0,3.6458269999999997,-1.0,0.3172369079489883,0.6875,0,DD,MEF2C/FLG
du11,7.635711,-1.0,0.114903316461902,0.7447552447552448,3.6458269999999997,-1.0,0.3172369079489883,0.6875,0,DD,PACS1/FLG
du12,5.6580660000000025,-1.0,0.450518506292035,1.0,1.320816,-1.0,0.213878698171464,1.0,0,DD,SOX10/GDF6
du13,2.092924,-1.0,0.340981236940208,1.0,7.899259,-1.0,0.34375771138443,0.6875,0,DD,GLI2/SCN2A
du14,10.775339,-1.0,0.0820132277142268,0.7447552447552448,6.987202000000001,-1.0,0.3172369079489883,0.6875,0,DD,HBB/KANSL1
du15,6.536498,-1.0,0.7289085377784829,1.0,4.87919,-1.0,0.89143096798933,1.0,0,DD,PTPN11/SHH
du16,4.297717,-1.0,0.21408525707241,1.0,6.597932000000001,-1.0,0.516365676569641,1.0,0,DD,SCN1A/SMARCA2
du17,6.363192,-1.0,0.0808226868893849,0.0,9.145308,-1.0,0.15128739619950302,1.0,0,DD,PRRT2/KCNQ2
du18,7.134717,-1.0,0.239842844796396,0.0,8.776734,-1.0,0.107360998190337,1.0,0,DD,SLC6A1/ANKRD11
du19,13.092158999999999,-1.0,0.189740879880599,1.0,1.215018,-1.0,0.7867781824180341,1.0,0,DD,TCF12/PTCH1
du20,6.680055,-1.0,0.416284951965058,1.0,2.7740720000000003,-1.0,0.346581137021451,1.0,0,DD,KRIT1/COL11A1
du21,3.526437,-1.0,0.25451050661208,1.0,5.485505,-1.0,0.15128739619950302,1.0,0,DD,SCN8A/KCNQ2
du22,3.04257,-1.0,0.8357653230264319,1.0,3.989005,-1.0,0.908456721160018,1.0,0,DD,SOX9/NF1
du23,10.77899,-1.0,0.25081517219782995,0.0,2.540059,-1.0,0.231155550740046,0.6875,0,DD,SMC1A/MYH2
du24,10.137813000000001,7.155611,0.318463892440723,1.0,6.078869,-1.0,0.299625069792424,0.6875,0,DD,CLCN1/SETBP1
du25,3.99134,-1.0,0.105213689862354,0.0,22.161135,1.414477,0.3841821679515061,1.0,0,DD,KCNT1/TTN
du26,0.782101,-1.0,0.318463892440723,1.0,-0.032748,4.908936,0.109795569095931,1.0,0,DD,ACTG1/WFS1
du27,4.908739,-1.0,0.122023976453145,1.0,2.467515,6.626073,0.3172369079489883,1.0,0,DD,DES/CLCN1
du28,11.850572999999999,-1.0,0.106517853031278,0.7447552447552448,2.156893,-0.19769,0.981777086491573,1.0,1,DD,GATAD2B/WWOX
du29,6.240871,-1.0,0.178598969188943,1.0,5.072541,2.975482,0.7217440674668131,1.0,0,DD,GNAO1/ACADM
du30,0.77228,-1.0,0.0820132277142268,0.7447552447552448,8.416625999999999,-1.0,0.24991938821233806,1.0,0,DD,HBB/TJP2
du31,6.28779,-1.0,0.318463892440723,0.0,4.268765,-1.0,0.3172369079489883,0.0,0,DD,KIF5C/NRXN1
du32,4.812251,6.270361,0.5949368358516121,0.0,-0.05658,-1.0,0.3172369079489883,0.6875,0,DD,HEXA/KMT2D
du33,5.969171,-1.0,0.908456721160018,1.0,11.179158000000001,-1.0,0.3172369079489883,1.0,0,DD,NF1/GALNT3
du34,3.417808,-1.0,0.14229824173233402,0.7447552447552448,6.242526,11.394229,0.100354319423186,0.0,0,DD,PUF60/LOXHD1
du35,2.328162,-1.0,0.25451050661208,1.0,2.495704,7.9058509999999975,0.22441488606980894,0.0,0,DD,SCN8A/MAN2B1
du36,12.858377,-1.0,0.092060264523631,0.0,5.674633,-1.0,0.124113149399627,0.0,0,DD,SPRED1/MEGF10
du37,7.040864,5.724946,0.120928413554748,1.0,-0.005019,-1.0,0.115787218965148,1.0,0,DD,MTFMT/SYNGAP1
du38,7.222103999999999,-1.0,0.875803524025226,1.0,5.689983,6.750037,0.893151270609593,1.0,0,DD,TGFB2/TYR
du39,13.86265,-1.0,0.204551750275816,1.0,-1.130517,-1.0,0.3172369079489883,0.6875,0,DD,ECEL1/ARHGEF10
du40,4.634264,-1.0,0.318463892440723,0.7447552447552448,0.193503,-1.0,0.3172369079489883,0.6875,0,DD,TECPR2/FLG
du41,5.704354,-1.0,0.7007482929072479,1.0,7.184713,-1.0,0.3172369079489883,0.6875,0,DD,TUBB3/ISCA2
du42,5.413374,-1.0,0.320561604958662,0.0,4.99961,5.396431,0.7977930127490501,0.6875,1,DD,NLRC4/SERPINA1
du43,7.613164999999999,-1.0,0.141728574098806,0.0,6.047161,-1.0,0.6760281592653521,1.0,1,DD,CPOX/ABCA1
du44,4.71357,-1.0,0.340981236940208,1.0,-1.131836,2.264129,0.616823927249326,1.0,0,DD,GLI2/BLM
du45,10.726534,-1.0,0.0990671444920074,0.0,6.272062,-1.0,0.120314359519674,1.0,0,DD,BRWD3/CHD8
du46,4.427217,-1.0,0.9895163408215,0.7447552447552448,5.200633,-1.0,0.126455109157384,0.6875,1,DD,G6PD/ARID1B
du47,6.611733,-1.0,0.139651063355627,1.0,7.406017999999999,-1.0,0.763704939000293,1.0,0,DD,CHD7/DMD
du48,3.568276,-1.0,0.249744491159332,1.0,6.203487,-1.0,0.559509183537796,1.0,0,DD,DNM1L/PDHA1
du49,3.717966000000001,-1.0,0.25081517219782995,0.0,10.564686,-1.0,0.15462930084572502,0.0,0,DD,SMC1A/EFHC1
du50,6.177741999999999,-1.0,0.318463892440723,1.0,5.810561,-1.0,0.340981236940208,1.0,0,DD,KDM5C/GLI2
du51,6.8067160000000015,-1.0,0.0807056659435727,0.7447552447552448,8.465588,-1.0,0.107084128072414,1.0,0,DD,LAS1L/GLI3
du52,6.162694999999999,-1.0,0.4775131925974961,1.0,13.862650,-1.0,0.3172369079489883,0.6875,0,DD,GRIN2B/SHOXY
du53,7.135263,-1.0,0.505777485988214,1.0,3.56366,-1.0,0.287135043424934,0.6875,0,DD,PAFAH1B1/FGD1
du54,5.70919,-1.0,0.21408525707241,1.0,4.502333,-1.0,0.559509183537796,1.0,0,DD,SCN1A/PDHA1
du55,5.068283999999999,-1.0,0.11567649853087,0.7447552447552448,7.00558,-1.0,0.351052812346565,1.0,0,DD,MED13L/HUWE1
du56,4.997978,-1.0,0.33817250451573305,1.0,0.958319,-1.0,0.25273934650415497,1.0,0,DD,DDX3X/COL7A1
du57,6.534411,-1.0,0.563162384104817,1.0,3.4308099999999997,-1.0,0.175353800974806,0.0,0,DD,ATRX/COL9A1
du58,6.67069,-1.0,0.4274120696419121,1.0,7.095051,-1.0,0.24792614798726506,1.0,0,DD,PCCA/AGL
du59,6.99527,-1.0,0.180354020065052,0.7447552447552448,4.8270669999999996,-1.0,0.08046577443670097,1.0,0,DD,MCCC2/HEXB
du60,6.3515190000000015,-1.0,0.0733949119637263,0.7447552447552448,7.091883,1.395558,0.229770801829838,1.0,0,DD,MTPAP/NPC1
du61,4.743094,-1.0,0.4840823907286471,0.0,12.068674,-1.0,0.172269382040939,1.0,0,DD,XPC/RECQL4
du62,5.387121,-1.0,0.96194561334805,0.0,7.0094460000000005,-1.0,0.481627030852434,1.0,0,DD,MMP2/TPO
du63,4.70155,-1.0,0.318463892440723,0.0,5.778517,-1.0,0.24792614798726506,1.0,0,DD,LPAR6/AGL
du64,9.5087,-1.0,0.16810705652597402,1.0,4.832137,-1.0,0.15914620877412802,0.0,0,DD,PAPSS2/TRDN
du65,4.02108523939394,14.044668,0.16015492948481902,1.0,7.728961999999999,11.90521,0.3172369079489883,0.6875,0,DD,AGPAT2/OBSL1
du66,6.168946,-1.0,0.694289378627023,1.0,5.596815,-1.0,0.26819835491445804,1.0,0,DD,MECP2/F7
du67,4.427217,-1.0,0.9895163408215,0.7447552447552448,7.921575,-1.0,0.406081087843384,1.0,0,DD,G6PD/FANCG
du68,7.596736999999999,-1.0,0.4222037455999029,0.7447552447552448,4.372054,-1.0,0.189740879880599,1.0,0,DD,SLC35A2/TCF12
du69,4.387764,-1.0,0.25081517219782995,0.0,2.6539770000000003,-1.0,0.876812975525662,1.0,0,DD,SMC1A/CFTR
du70,5.029824,-1.0,0.588938655680361,1.0,7.252694,-1.0,0.585492365158383,1.0,0,DD,AVPR2/SLC45A2
du71,4.02108523939394,-1.0,0.318463892440723,0.7447552447552448,3.749683,2.4392,0.17567545943419502,0.6875,0,DD,SHOX/ALG6
du72,6.209004,-1.0,0.12564146608550802,1.0,2.537395,8.193296,0.13039486753121302,0.0,0,DD,HDAC8/IRX5
du73,6.622757000000001,-1.0,0.226781119210386,0.7447552447552448,7.131784,11.057244,0.6537064325026,1.0,0,DD,NLGN4X/BCS1L
du74,6.998064,-1.0,0.10114857503729,0.7447552447552448,6.7479320000000005,-1.0,0.0963829020554454,0.6875,0,DD,PHF8/KIAA2022
