ID,CADD1,CADD2,RecA,EssA,CADD3,CADD4,RecB,EssB,Path,DE,GP
dd239,4.304545,-1,None,0,3.186035,-1,0.16819,0,1,TD,MAN1B1/SEC23A
dd229,3.774086,-1,0.08467,1,4.959009,-1,0.09998,1,1,TD,CDK5RAP2/CEP152
dd268,2.540195,-1,0.10394,1,-0.08402,-1,None,1,0,TD,LRP5/LY86-AS1
dd049,5.29117,-1,0.2097,1,1.851966,-1,None,1,1,CO,FZD4/F5
dd222,4.148268,-1,0.21357,0,3.754474,-1,0.2303,0,1,TD,PRPH2/ROM1
dd067,4.293988,-1,0.33671,0,4.510743,-1,0.29759,0,1,UK,KCNQ1/KCNH2
dd097,7.08939,8.172637,0.09548,1,3.840462,-1,0.30578,1,1,UK,BBS2/MKKS
dd091,4.413934,-1,0.14899,1,3.186604,-1,0.17283,1,1,UK,BBS10/BBS12
dd092,4.413934,-1,0.14899,1,-0.069369,-1,0.17283,1,1,UK,BBS10/BBS12
dd079,5.348714,3.720893,None,1,2.215548,-1,0.30578,1,1,UK,BBS1/MKKS
dd077,3.720893,-1,None,1,6.374925,4.695795,0.09548,1,1,UK,BBS1/BBS2
dd049,5.29117,-1,0.2097,1,1.851966,-1,None,1,1,CO,FZD4/F5
dd009,0.664726,-1,0.17842,0,1.973061,-1,None,0,1,CO,PCDH15/C10orf105
dd007,0.664726,-1,0.17842,0,3.851774,-1,0.20307,0,1,TD,PCDH15/CDH23
dd071,1.816072,-1,0.09548,1,3.7613,-1,0.30578,1,1,UK,BBS2/MKKS
dd072,4.68172,7.08939,0.09548,1,3.708315,-1,0.30578,1,1,UK,BBS2/MKKS
dd073,8.172637,-1,0.09548,1,3.840462,-1,0.30578,1,1,UK,BBS2/MKKS
dd074,8.172637,7.380028,0.09548,1,4.825142,-1,0.30578,1,1,TD,BBS2/MKKS
dd075,4.169124,-1,0.09548,1,4.073944,-1,0.32774,1,1,TD,BBS2/BBS4
dd076,4.093243,-1,None,1,3.987656,-1,0.17949,1,1,UK,BBS1/BBS7
dd078,7.251595,3.720893,None,1,0.943362,-1,0.30578,1,1,UK,BBS1/MKKS
dd080,3.720893,-1,None,1,4.093333,-1,0.09548,1,1,UK,BBS1/BBS2
dd081,3.720893,-1,None,1,2.480398,-1,0.32774,1,1,UK,BBS1/BBS4
dd082,7.717078,-1,0.09548,1,3.174797,-1,0.32774,1,1,TD,BBS2/BBS4
dd083,2.916081,-1,0.09548,1,2.588566,-1,0.32774,1,1,TD,BBS2/BBS4
dd084,4.989986,3.720893,None,1,0.71583,-1,0.18345,1,0,CO,BBS1/CCDC28B
dd085,3.720893,8.561005,None,1,0.71583,-1,0.18345,1,0,CO,BBS1/CCDC28B
dd086,3.839615,5.407747,0.17949,1,3.983955,-1,0.32774,1,1,CO,BBS7/BBS4
dd087,0.71822,-1,0.17949,1,3.881419,4.561379,0.09548,1,1,UK,BBS7/BBS2
dd089,3.620418,-1,0.22488,0,3.461183,4.193234,0.14899,0,1,UK,BBS5/BBS10
dd090,4.382077,5.306683,0.14899,1,3.840462,-1,0.30578,1,1,UK,BBS10/MKKS
dd093,4.382077,1.330937,0.14899,1,3.840462,-1,0.30578,1,1,UK,BBS10/MKKS
dd094,2.697694,-1,0.17283,0,1.39646,-1,0.32774,0,1,UK,BBS12/BBS4
dd095,4.203631,3.720893,None,1,1.503971,-1,0.14899,1,1,UK,BBS1/BBS10
dd096,4.310271,-1,None,1,-0.441745,-1,0.14899,1,1,UK,BBS1/BBS10
dd098,7.08939,4.668341,0.09548,1,3.840462,-1,0.30578,1,1,UK,BBS2/MKKS
dd099,0.476005,-1,0.14899,1,4.668341,-1,0.09548,1,1,UK,BBS10/BBS2
dd100,4.668341,7.852431,0.09548,1,1.229868,-1,0.17283,1,1,UK,BBS2/BBS12
dd101,4.25008,-1,0.09548,1,1.957833,-1,0.17283,1,1,UK,BBS2/BBS12
dd102,4.382077,-1,0.14899,1,-0.072919,-1,0.30578,1,1,UK,BBS10/MKKS
dd103,4.382077,6.348651,0.14899,1,4.552656,-1,0.09548,1,1,UK,BBS10/BBS2
dd104,4.329283,-1,0.14899,1,3.840462,-1,0.30578,1,1,UK,BBS10/MKKS
dd105,8.561005,-1,None,1,2.478537,-1,0.09548,1,1,UK,BBS1/BBS2
dd106,2.272808,-1,None,1,2.795706,-1,0.20095,1,1,UK,BBS1/TTC8
dd107,3.720893,8.561005,None,1,3.392279,-1,0.20084,1,1,UK,BBS1/BBS9
dd108,2.531412,-1,0.14899,1,3.186604,-1,0.17283,1,1,UK,BBS10/BBS12
dd109,2.317322,-1,0.14899,1,-0.125061,-1,0.30578,1,1,UK,BBS10/MKKS
dd110,-0.23555,-1,0.14899,1,3.881419,4.561379,0.09548,1,1,UK,BBS10/BBS2
dd111,3.825176,-1,0.20815,1,2.245611,-1,0.20095,1,1,UK,ARL6/TTC8
dd112,3.987656,-1,0.17949,1,2.035443,-1,0.20095,1,1,UK,BBS7/TTC8
dd113,2.889273,-1,None,1,7.919979,1.415137,0.17283,1,1,UK,BBS1/BBS12
dd204,3.720893,-1,None,1,0.71583,-1,0.18345,1,0,TD,BBS1/CCDC28B
dd010,4.980438,-1,0.09298,1,4.05356,-1,0.10624,1,0,TD,NEK1/DYNC2H1
dd211,3.8748,-1,0.16764,0,6.12854,-1,None,0,0,UK,MYH7/RBM20
dd216,2.411767,-1,0.36963,1,2.765379,3.26017,0.38418,1,0,UK,DSP/TTN
dd209,2.249263,-1,0.36963,1,2.007465,-1,0.38418,1,0,UK,DSP/TTN
dd210,3.810451,-1,0.16764,0,3.60502,-1,0.10259,0,0,UK,MYH7/NEXN
dd217,3.121607,-1,0.10259,0,2.238858,2.370112,0.38418,0,0,UK,NEXN/TTN
dd040,3.994526,-1,0.16319,0,4.905581,-1,0.09223,0,0,CO,GDAP1/MFN2
dd152,8.5048,-1,0.16319,0,3.100286,-1,0.09223,0,0,CO,GDAP1/MFN2
dd160,1.676606,-1,0.53733,0,4.130403,-1,0.98592,0,1,CO,EMD/LMNA
dd224,4.058536,-1,0.13638,1,7.960708,-1,0.38803,1,0,TD,TRIM54/TRIM63
dd014,3.003863,4.259471,0.23622,1,2.927332,-1,0.78607,1,0,UK,GNRHR/FGFR1
dd021,3.373902,-1,0.12897,0,4.535626,-1,0.08992,0,0,TD,OTUD4/RNF216
dd137,3.055541,-1,0.20646,0,6.279698,-1,0.78607,0,0,UK,KAL1/FGFR1
dd139,1.070096,-1,0.20646,0,2.263874,-1,0.13372,0,0,UK,KAL1/PROKR2
dd208,3.96538,-1,0.23622,1,3.774093,-1,0.12165,1,1,UK,GNRHR/PROK2
dd033,2.551968,-1,0.43231,1,3.710388,3.743913,0.27325,1,1,CO,SLC3A1/SLC7A9
dd034,2.551968,-1,0.43231,1,3.743913,-1,0.27325,1,1,CO,SLC3A1/SLC7A9
dd035,2.551968,-1,0.43231,1,3.743913,-1,0.27325,1,1,CO,SLC3A1/SLC7A9
dd036,3.805686,2.551968,0.43231,1,3.743913,-1,0.27325,1,1,CO,SLC3A1/SLC7A9
dd241,3.967623,-1,0.89143,1,3.023669,-1,0.11183,1,0,TD,SHH/DISP1
dd051,3.298555,-1,0.54192,0,3.538909,-1,0.73042,0,0,TD,HAMP/HFE
dd052,-0.120119,-1,0.54192,0,3.538909,-1,0.73042,0,0,CO,HAMP/HFE
dd125,3.915806,-1,0.09946,1,3.663114,-1,0.20297,1,0,CO,EDA/WNT10A
dd126,3.244179,-1,0.09946,1,3.663114,-1,0.20297,1,0,CO,EDA/WNT10A
dd127,4.173063,-1,0.09946,1,3.663114,-1,0.20297,1,0,UK,EDA/WNT10A
dd128,3.066716,-1,0.09946,1,3.939693,-1,0.20297,1,0,CO,EDA/WNT10A
dd129,3.116642,-1,0.09946,1,3.939693,-1,0.20297,1,0,UK,EDA/WNT10A
dd130,3.796147,-1,0.09946,1,3.663114,-1,0.20297,1,0,UK,EDA/WNT10A
dd019,3.021052,-1,0.10577,0,3.949324,-1,0.24991,0,0,CO,BAAT/TJP2
dd020,3.021052,-1,0.10577,0,3.949324,-1,0.24991,0,0,CO,BAAT/TJP2
dd122,2.552251,-1,0.69333,0,1.312001,0.446922,0.40674,0,1,UK,NOD2/IL10RA
dd212,4.194275,-1,0.33762,1,3.898414,-1,0.36963,1,1,UK,JUP/DSP
dd213,4.383907,-1,0.33762,1,5.300366,-1,0.36963,1,1,UK,JUP/DSP
dd042,2.850411,-1,0.15369,0,3.908681,-1,0.34185,0,0,UK,C10orf2/POLG
dd205,3.736185,-1,0.15369,0,4.18099,-1,0.34185,0,0,UK,C10orf2/POLG
dd038,1.676606,-1,0.53733,0,4.130403,-1,0.98592,0,1,CO,EMD/LMNA
dd039,5.242805,-1,0.53733,0,1.700909,-1,0.98592,0,1,CO,EMD/LMNA
dd218,4.401308,-1,0.5014,1,5.057709,-1,0.20636,1,0,CO,BMPR2/KCNA5
dd023,0.527395,-1,0.54065,0,4.272434,-1,0.17629,0,1,TD,PARK7/PINK1
dd024,5.032623,-1,0.4784,1,0.595478,-1,0.17629,1,1,CO,PARK2/PINK1
dd047,4.024783,-1,0.59494,1,3.642933,-1,None,1,1,CO,KRT5/KRT14
dd252,4.125364,-1,0.59494,1,3.780559,-1,None,1,1,TD,KRT5/KRT14
dd253,4.360442,-1,0.59494,1,3.518088,-1,None,1,1,CO,KRT5/KRT14
dd031,8.099437,8.045194,0.28257,1,6.843441,-1,0.32681,1,1,UK,COL17A1/LAMB3
dd207,4.04955,-1,0.14753,0,2.146365,4.520071,None,0,0,TD,ATP2B3/LAMA1
dd225,2.13917,-1,0.40044,0,4.140664,-1,None,0,1,TD,PSMA3/PSMB8
dd226,5.472237,-1,0.40044,0,4.140664,-1,None,0,1,TD,PSMA3/PSMB8
dd227,3.73465,-1,0.29568,0,2.465905,-1,None,0,1,TD,PSMB4/PSMB9
dd228,7.154727,-1,0.29568,0,4.362575,-1,None,0,1,TD,PSMB4/PSMB8
dd158,1.676606,-1,0.53733,0,4.130403,-1,0.98592,0,1,CO,EMD/LMNA
dd159,1.676606,-1,0.53733,0,4.130403,-1,0.98592,0,1,CO,EMD/LMNA
dd243,-0.769166,-1,0.10512,1,-0.598378,-1,0.21433,1,1,TD,NLRP3/MEFV
dd244,1.408532,-1,0.10512,1,1.870492,-1,0.21433,1,1,TD,NLRP3/MEFV
dd245,0.685628,-1,0.91592,0,0.633726,-1,0.21433,0,1,TD,TNFRSF1A/MEFV
dd028,5.45644,-1,0.42299,1,4.150334,-1,0.89315,1,1,UK,MITF/TYR
dd043,4.06973,-1,0.21408,1,1.670861,-1,0.34375,1,1,CO,SCN1A/SCN2A
dd135,5.345188,-1,0.12819,0,4.949719,-1,0.10129,0,1,UK,PYGM/CPT2
dd022,1.995306,-1,0.72937,1,0.53606,-1,0.68126,1,1,TD,EDNRB/RET
dd148,3.987252,-1,0.71389,1,4.974009,-1,0.68126,1,1,TD,GDNF/RET
dd138,2.783562,3.003863,0.23622,1,1.912501,-1,0.78607,1,0,UK,GNRHR/FGFR1
dd140,0.91874,-1,0.15982,1,4.109099,-1,0.78607,1,0,UK,KISS1R/FGFR1
dd141,0.215773,-1,0.12165,0,3.469619,-1,0.13372,0,1,UK,PROK2/PROKR2
dd261,2.810414,-1,None,0,4.377961,-1,0.14669,0,0,TD,TRAPPC9/PDE3A
dd088,4.55031,-1,0.12266,0,3.842419,-1,0.31068,0,1,UK,CEP41/CEP290
dd012,1.647021,-1,0.20646,0,3.714247,-1,0.13372,0,0,UK,KAL1/PROKR2
dd013,1.058622,-1,0.23802,0,3.83509,-1,0.78607,0,0,CO,NSMF/FGFR1
dd015,2.972345,-1,0.20646,0,3.714247,-1,0.13372,0,0,UK,KAL1/PROKR2
dd016,3.471515,-1,0.23802,0,1.592899,-1,0.20646,0,1,UK,NSMF/KAL1
dd017,-0.377454,-1,0.23802,0,8.939699,-1,0.14254,0,0,UK,NSMF/TACR3
dd018,4.141403,-1,0.78607,1,3.714247,-1,0.13372,1,0,CO,FGFR1/PROKR2
dd136,5.235575,-1,0.20646,0,3.714247,-1,0.13372,0,0,CO,KAL1/PROKR2
dd142,1.070096,-1,0.20646,0,3.550013,-1,0.78607,0,0,UK,KAL1/FGFR1
dd143,0.423979,-1,0.20646,0,9.395442,-1,0.13965,0,1,UK,KAL1/CHD7
dd164,4.521399,-1,0.78607,1,3.675698,-1,0.12392,1,0,TD,FGFR1/IL17RD
dd165,1.675996,-1,0.15982,1,1.725229,-1,0.12392,1,1,UK,KISS1R/IL17RD
dd166,4.572856,-1,0.78607,1,4.235823,-1,0.37312,1,1,UK,FGFR1/DUSP6
dd167,4.088439,-1,0.1419,1,0.975293,-1,0.37312,1,0,UK,SPRY4/DUSP6
dd168,4.088439,-1,0.1419,1,3.482398,-1,0.37312,1,0,UK,SPRY4/DUSP6
dd169,4.088439,-1,0.1419,1,3.663052,-1,0.78607,1,0,UK,SPRY4/FGFR1
dd170,4.522409,-1,0.78607,1,2.177358,-1,0.12222,1,0,UK,FGFR1/FLRT3
dd201,3.571252,-1,0.78607,1,3.996588,-1,0.13372,1,0,UK,FGFR1/PROKR2
dd202,0.91874,-1,0.15982,1,4.029314,-1,0.13372,1,1,UK,KISS1R/PROKR2
dd203,0.340337,-1,0.23622,1,1.504701,-1,0.13372,1,1,UK,GNRHR/PROKR2
dd173,3.262159,-1,0.57371,1,8.94999,-1,0.16014,1,0,TD,PRF1/UNC13D
dd174,3.027731,-1,0.57371,1,0.274869,-1,0.16014,1,0,TD,PRF1/UNC13D
dd175,3.095402,-1,0.57371,1,2.954872,-1,0.16014,1,0,TD,PRF1/UNC13D
dd176,3.027731,-1,0.57371,1,0.002775,-1,0.16014,1,0,TD,PRF1/UNC13D
dd177,3.027731,-1,0.57371,1,-0.190109,-1,0.16014,1,0,TD,PRF1/UNC13D
dd178,3.027731,-1,0.57371,1,2.184695,-1,0.16014,1,0,TD,PRF1/UNC13D
dd179,2.218205,-1,0.57371,1,2.963334,-1,0.16014,1,0,TD,PRF1/UNC13D
dd180,3.027731,-1,0.57371,1,1.681677,-1,0.16014,1,0,TD,PRF1/UNC13D
dd181,-0.219949,-1,0.57371,1,2.91764,-1,0.16014,1,0,TD,PRF1/UNC13D
dd182,3.027731,-1,0.57371,1,3.677342,-1,0.16014,1,0,TD,PRF1/UNC13D
dd184,0.348163,-1,0.57371,1,2.641445,-1,0.16014,1,0,TD,PRF1/UNC13D
dd185,2.996412,-1,0.57371,1,3.677342,-1,0.16014,1,0,TD,PRF1/UNC13D
dd187,3.027731,-1,0.57371,1,3.524399,-1,0.16014,1,0,TD,PRF1/UNC13D
dd188,3.027731,-1,0.57371,1,3.56434,-1,0.13219,1,0,TD,PRF1/STXBP2
dd190,3.952641,-1,0.57371,1,3.56434,-1,0.13219,1,0,TD,PRF1/STXBP2
dd191,3.027731,-1,0.57371,1,3.438596,-1,0.13219,1,0,TD,PRF1/STXBP2
dd192,0.348163,-1,0.57371,1,3.143566,-1,0.13219,1,0,TD,PRF1/STXBP2
dd193,3.027731,-1,0.57371,1,-0.227189,-1,0.13219,1,0,TD,PRF1/STXBP2
dd194,3.698531,-1,0.13219,1,3.677342,-1,0.16014,1,1,TD,STXBP2/UNC13D
dd195,-0.126231,-1,0.13219,1,5.054694,-1,0.16014,1,1,TD,STXBP2/UNC13D
dd196,-0.126231,-1,0.13219,1,3.677342,-1,0.16014,1,1,TD,STXBP2/UNC13D
dd197,2.625034,-1,0.13219,1,3.677342,-1,0.16014,1,1,TD,STXBP2/UNC13D
dd198,3.17498,-1,0.18323,0,3.688882,-1,0.16014,0,0,TD,STX11/UNC13D
dd199,3.63314,-1,0.13219,1,3.240854,-1,0.18323,1,0,TD,STXBP2/STX11
dd200,4.147434,-1,0.39,0,3.56434,-1,0.13219,0,1,TD,RAB27A/STXBP2
dd171,2.540999,-1,0.36635,1,3.90001,-1,0.32389,1,0,UK,ITGA7/MYH7B
dd215,2.537909,-1,0.15685,1,2.765379,3.26017,0.38418,1,1,UK,ABCC9/TTN
dd029,3.117633,4.150334,0.89315,1,3.931838,-1,0.36621,1,1,CO,TYR/OCA2
dd030,1.880702,-1,0.89315,1,-0.729704,-1,0.36621,1,1,CO,TYR/OCA2
dd117,4.314417,-1,0.89315,1,3.859221,-1,0.58549,1,1,TD,TYR/SLC45A2
dd118,7.692934,-1,0.89315,1,4.046414,-1,0.58549,1,1,TD,TYR/SLC45A2
dd119,1.400359,-1,0.36621,1,4.046414,-1,0.58549,1,1,TD,OCA2/SLC45A2
dd120,4.150334,-1,0.89315,1,4.7119,-1,0.58549,1,1,TD,TYR/SLC45A2
dd121,4.78188,-1,0.89315,1,3.358203,-1,0.36621,1,1,TD,TYR/OCA2
dd172,4.187195,-1,0.93785,1,2.959744,-1,None,1,1,CO,HNF4A/HNF1A
dd219,1.543241,-1,0.73737,1,2.260193,-1,0.60328,1,1,CO,NEUROD1/PDX1
dd220,2.759984,-1,0.73737,1,2.260193,-1,0.60328,1,1,CO,NEUROD1/PDX1
dd254,0.996889,-1,0.19135,0,3.203528,-1,0.08472,0,0,CO,BMP15/SMC1B
dd255,4.360327,-1,0.0921,1,4.118887,-1,None,1,0,CO,REC8/GDF9
dd256,3.774525,-1,0.09557,0,4.036076,-1,0.41578,0,0,CO,GALT/FOXL2
dd257,2.954518,-1,0.09641,1,3.558093,-1,None,1,0,CO,FIGLA/GDF9
dd258,0.996889,-1,0.19135,0,1.458983,-1,None,0,0,CO,BMP15/NOBOX
dd259,1.392327,0.484485,None,1,1.506123,-1,0.08472,1,0,CO,NOBOX/SMC1B
dd260,0.996889,-1,0.19135,0,1.392327,-1,None,0,0,CO,BMP15/NOBOX
dd123,4.52953,-1,0.10271,1,4.068527,-1,0.68662,1,1,TD,LMBRD1/MTR
dd230,3.144823,-1,0.24901,1,5.044214,-1,0.33981,1,1,CO,COL4A4/COL4A3
dd231,3.762175,-1,0.24901,1,3.925162,-1,0.33981,1,1,CO,COL4A4/COL4A3
dd232,3.33024,-1,0.24901,1,3.371912,-1,0.33981,1,1,CO,COL4A4/COL4A3
dd233,1.886458,-1,0.24901,1,3.904171,-1,0.33981,1,1,CO,COL4A4/COL4A3
dd234,4.874844,-1,0.24901,1,3.873693,-1,0.33981,1,1,CO,COL4A4/COL4A3
dd235,3.902127,-1,None,1,5.547917,-1,0.24901,1,1,CO,COL4A5/COL4A4
dd236,4.119746,-1,None,1,3.62566,-1,0.24901,1,1,CO,COL4A5/COL4A4
dd237,4.280628,-1,None,1,6.061754,-1,0.24901,1,1,CO,COL4A5/COL4A4
dd238,4.214777,-1,None,1,3.382531,1.552749,0.24901,1,1,CO,COL4A5/COL4A4
dd246,5.545947,-1,0.24901,1,3.447495,-1,0.33981,1,1,UK,COL4A4/COL4A3
dd247,3.108064,-1,0.24901,1,3.447495,-1,0.33981,1,1,UK,COL4A4/COL4A3
dd248,4.164355,-1,None,1,3.447495,-1,0.33981,1,1,UK,COL4A5/COL4A3
dd249,4.270647,-1,0.24901,1,2.405132,-1,0.33981,1,1,CO,COL4A4/COL4A3
dd250,2.777594,-1,None,1,0.007817,-1,0.24901,1,1,TD,COL4A5/COL4A4
dd251,4.036812,-1,None,1,3.245304,-1,0.33981,1,1,CO,COL4A5/COL4A3
dd011,4.66581,-1,0.26659,1,5.558844,-1,0.53507,1,1,CO,NPHS2/NPHS1
dd114,3.168027,-1,0.37908,1,1.960955,-1,0.26659,1,1,TD,CD2AP/NPHS2
dd115,4.66581,2.38273,0.26659,1,1.629833,-1,0.53507,1,1,TD,NPHS2/NPHS1
dd116,2.992063,-1,0.87462,1,4.113115,-1,0.53507,1,0,TD,WT1/NPHS1
dd131,3.02406,-1,0.26659,1,5.499613,-1,0.53507,1,1,UK,NPHS2/NPHS1
dd132,5.007439,-1,0.26659,1,1.101994,-1,0.53507,1,1,UK,NPHS2/NPHS1
dd133,4.66581,-1,0.26659,1,-0.159752,-1,0.53507,1,1,UK,NPHS2/NPHS1
dd041,2.059319,-1,0.55928,0,4.152487,-1,0.14172,0,1,CO,ALAD/CPOX
dd050,6.355791,-1,0.69128,1,5.257448,-1,0.22868,1,1,CO,HMBS/UROD
dd045,3.935979,-1,0.13982,1,8.475171,-1,None,1,1,UK,GGCX/ABCC6
dd001,3.67533,-1,0.33671,0,5.44602,-1,0.29759,0,1,CO,KCNQ1/KCNH2
dd048,4.040477,-1,0.11142,0,3.403777,-1,0.25781,0,1,CO,KCNE2/SCN5A
dd053,0.995655,-1,0.33265,0,3.79106,-1,0.33671,0,1,UK,KCNE1/KCNQ1
dd054,1.672021,-1,0.33265,0,3.970061,-1,0.33671,0,1,CO,KCNE1/KCNQ1
dd055,1.672021,-1,0.33265,0,3.758645,-1,0.33671,0,1,UK,KCNE1/KCNQ1
dd056,1.672021,-1,0.33265,0,4.201184,-1,0.33671,0,1,CO,KCNE1/KCNQ1
dd058,3.516609,-1,0.33265,0,4.34546,-1,0.29759,0,1,CO,KCNE1/KCNH2
dd059,1.672021,-1,0.33265,0,3.636053,-1,0.29759,0,1,CO,KCNE1/KCNH2
dd060,1.672021,-1,0.33265,0,4.125388,-1,0.29759,0,1,CO,KCNE1/KCNH2
dd061,1.672021,-1,0.33265,0,6.599439,-1,0.29759,0,1,UK,KCNE1/KCNH2
dd062,1.672021,-1,0.33265,0,3.554996,-1,0.29759,0,1,CO,KCNE1/KCNH2
dd063,1.672021,-1,0.33265,0,3.475332,-1,0.29759,0,1,UK,KCNE1/KCNH2
dd064,1.672021,-1,0.33265,0,4.17011,-1,0.29759,0,1,CO,KCNE1/KCNH2
dd065,1.968699,-1,0.33265,0,3.530585,-1,0.25781,0,1,UK,KCNE1/SCN5A
dd066,1.672021,-1,0.33265,0,3.403777,-1,0.25781,0,1,CO,KCNE1/SCN5A
dd068,4.162184,-1,0.33671,0,3.068894,-1,0.29759,0,1,UK,KCNQ1/KCNH2
dd069,3.91032,-1,0.25781,1,3.838964,-1,0.29759,1,1,UK,SCN5A/KCNH2
dd070,2.646218,-1,0.55696,0,2.014584,-1,0.29759,0,1,UK,CAV3/KCNH2
dd144,3.431045,-1,0.33671,0,1.963043,-1,0.25781,0,1,CO,KCNQ1/SCN5A
dd147,7.526091,-1,0.33671,0,2.184577,-1,0.25781,0,1,CO,KCNQ1/SCN5A
dd046,4.471665,-1,0.6346,1,3.83251,-1,0.29904,1,0,CO,PITX2/FOXC1
dd223,4.148268,-1,0.21357,0,2.756988,-1,0.2303,0,1,TD,PRPH2/ROM1
dd002,0.152144,-1,0.16401,1,4.860717,-1,0.50569,1,1,TD,GJB3/GJB2
dd003,0.953275,-1,0.16401,1,4.860717,-1,0.50569,1,1,TD,GJB3/GJB2
dd004,0.953275,-1,0.16401,1,4.42933,-1,0.50569,1,1,TD,GJB3/GJB2
dd005,0.629966,-1,0.1996,1,2.63803,-1,0.43881,1,0,TD,FOXI1/SLC26A4
dd006,2.58634,-1,0.18045,1,3.435204,-1,0.20307,1,0,CO,ATP2B2/CDH23
dd134,2.58634,-1,0.18045,1,3.499885,-1,0.31948,1,0,CO,ATP2B2/MYO6
dd145,2.580267,-1,0.37501,1,5.579128,-1,0.43881,1,0,TD,KCNJ10/SLC26A4
dd146,3.076292,-1,0.37501,1,3.932002,-1,0.43881,1,0,TD,KCNJ10/SLC26A4
dd206,3.933273,-1,0.50569,1,4.153023,-1,0.10544,1,0,TD,GJB2/TMPRSS3
dd221,4.116419,-1,0.11039,0,4.504437,-1,0.17025,0,1,TD,PDZD7/GPR98
dd242,4.551383,-1,0.42299,1,4.860717,-1,0.50569,1,0,TD,MITF/GJB2
dd267,2.407918,-1,0.50569,1,3.505239,-1,0.10544,1,0,UK,GJB2/TMPRSS3
dd008,3.481587,-1,0.17842,0,4.153903,-1,0.20307,0,1,TD,PCDH15/CDH23
dd124,2.063149,-1,0.33881,1,5.745621,-1,0.17842,1,0,TD,MYO7A/PCDH15
dd153,9.598337,4.075012,0.33881,1,4.067586,-1,None,1,0,TD,MYO7A/C10orf105
dd154,4.69193,-1,0.169,0,3.463448,-1,0.20307,0,1,TD,USH1C/CDH23
dd155,4.877256,-1,0.33881,1,3.824342,-1,0.17025,1,0,TD,MYO7A/GPR98
dd156,3.072802,-1,0.16487,0,4.485994,6.954218,0.17025,0,1,TD,DFNB31/GPR98
dd157,3.652316,-1,0.33881,1,5.697354,3.349763,None,1,0,TD,MYO7A/USH2A
dd161,4.202186,-1,0.11039,0,4.761112,-1,None,0,1,CO,PDZD7/USH2A
dd162,4.816371,-1,0.11163,0,4.196139,3.611394,None,0,1,TD,LZTS2/USH2A
dd163,1.812072,-1,0.11163,0,3.471039,-1,0.17025,0,1,TD,LZTS2/GPR98
dd037,4.384394,-1,0.2097,1,3.346486,-1,0.10394,1,1,CO,FZD4/LRP5
dd266,1.080061,-1,0.14267,0,4.012438,-1,0.13372,0,0,TD,WDR11/PROKR2
dd240,6.399706,-1,None,0,2.036607,7.669664,None,0,1,TD,C2orf71/RP1L1
dd032,4.051897,-1,0.35159,1,3.817819,-1,0.41722,1,1,CO,FGG/FGA
dd027,1.127939,-1,0.41045,0,3.897917,-1,0.61975,0,0,TD,MYOC/CYP1B1
dd262,2.913471,-1,0.10231,1,2.978084,-1,0.61975,1,0,TD,TEK/CYP1B1
dd263,1.686723,-1,0.10231,1,3.897917,-1,0.61975,1,0,TD,TEK/CYP1B1
dd264,2.567243,-1,0.10231,1,3.490578,-1,0.61975,1,0,TD,TEK/CYP1B1
dd265,1.582875,-1,0.10231,1,3.490578,-1,0.61975,1,0,TD,TEK/CYP1B1
dd026,3.682346,-1,0.41045,0,3.897917,-1,0.61975,0,0,CO,MYOC/CYP1B1
du1,5.510723,-1,0.23648,1,4.83998,-1,0.88273,1,1,DD,ADAR/APOB
du2,4.466559,-1,0.10736,1,1.961052,-1,None,1,0,DD,ANKRD11/FLG
du4,4.6041,-1,0.48908,1,3.127401,-1,0.12645,1,1,DD,KMT2A/ARID1B
du5,4.391659,-1,0.76645,1,6.814573,-1,None,1,1,DD,ENG/ASXL3
du6,2.960771,-1,0.17331,0,4.03263,-1,0.55905,0,1,DD,SLC26A1/CACNA1A
du8,3.102198,-1,None,1,7.788128,-1,0.12031,1,1,DD,COL5A1/CHD8
du9,6.966687,-1,0.1472,0,2.605014,-1,0.49245,0,0,DD,CRYGD/COL4A1
du10,5.101739,-1,0.13472,0,3.526693,-1,0.5507,0,1,DD,PRICKLE2/CREBBP
du11,7.218957,-1,0.94603,1,2.399045,-1,0.67914,1,1,DD,PTEN/DNM1
du12,2.305581,-1,0.20079,0,2.699057,-1,0.11376,0,0,DD,MYO1F/FBN1
du13,4.028693,-1,0.09412,1,1.961052,-1,None,1,1,DD,MEF2C/FLG
du14,4.189136,-1,0.1149,0,1.961052,-1,None,0,0,DD,PACS1/FLG
du15,3.661469,-1,0.45051,1,2.911742,-1,0.21387,1,0,DD,SOX10/GDF6
du17,2.40851,-1,0.34098,1,4.873471,-1,0.34375,1,0,DD,GLI2/SCN2A
du18,8.021699,-1,0.08201,0,4.612729,-1,0.13678,0,0,DD,HBB/KANSL1
du19,4.138486,-1,0.7289,1,3.472241,-1,0.89143,1,1,DD,PTPN11/SHH
du20,2.169269,-1,0.21408,1,4.038275,-1,0.51636,1,0,DD,SCN1A/SMARCA2
du23,4.209864,-1,0.08082,0,5.722657,-1,0.15128,0,0,DD,PRRT2/KCNQ2
du24,3.985039,-1,0.23984,0,5.409248,-1,0.10736,0,0,DD,SLC6A1/ANKRD11
du25,7.812828,-1,0.18974,1,1.392397,-1,0.78677,1,1,DD,TCF12/PTCH1
du26,3.945524,-1,0.41628,1,3.766457,-1,0.34658,1,0,DD,KRIT1/COL11A1
du27,3.4894,-1,0.25451,1,4.290742,-1,0.15128,1,1,DD,SCN8A/KCNQ2
du28,3.188889,-1,0.83576,1,3.423575,-1,0.90845,1,1,DD,SOX9/NF1
du29,5.911411,-1,0.25081,0,3.270869,-1,0.23115,0,0,DD,SMC1A/MYH2
du33,6.110395,3.899578,None,1,4.201825,-1,0.29962,1,0,DD,CLCN1/SETBP1
du34,3.152617,-1,0.10521,0,11.252185,1.069958,0.38418,0,0,DD,KCNT1/TTN
du36,2.192677,-1,None,1,3.909498,1.280935,0.10979,1,0,DD,ACTG1/WFS1
du37,4.329293,-1,0.12202,1,3.916983,2.025184,None,1,0,DD,DES/CLCN1
du38,7.455038,-1,0.10651,0,1.554009,-0.30937,0.98177,0,1,DD,GATAD2B/WWOX
du39,4.159777,-1,0.17859,1,5.318406,2.675924,0.72174,1,0,DD,GNAO1/ACADM
du40,2.368717,-1,0.08201,0,4.822779,-1,0.24991,0,0,DD,HBB/TJP2
du41,4.124278,-1,None,0,4.172903,-1,None,0,0,DD,KIF5C/NRXN1
du42,5.931078,2.938921,0.59493,0,0.960408,-1,0.10507,0,1,DD,HEXA/KMT2D
du44,4.270161,-1,0.90845,1,6.798069,-1,None,1,1,DD,NF1/GALNT3
du45,5.778885,-1,0.14229,0,7.626141,3.900318,0.10035,0,0,DD,PUF60/LOXHD1
du46,2.256548,-1,0.25451,1,5.013191,0.708424,0.22441,1,0,DD,SCN8A/MAN2B1
du48,7.618532,-1,0.09206,0,3.809702,-1,0.12411,0,0,DD,SPRED1/MEGF10
du49,4.235939,3.924548,0.12092,1,-0.06466,-1,0.10834,1,0,DD,MTFMT/CDYL
du50,4.33159,-1,0.8758,1,3.903863,3.322894,0.89315,1,0,DD,TGFB2/TYR
du52,9.013473,-1,0.20455,1,-0.409508,-1,None,1,0,DD,ECEL1/ARHGEF10
du53,2.849681,-1,None,0,-0.938489,-1,None,0,0,DD,TECPR2/FLG
du54,4.229839,-1,0.70074,1,4.40697,-1,None,1,0,DD,TUBB3/ISCA2
du55,3.256674,-1,0.32056,0,2.030275,3.553744,0.79779,0,1,DD,NLRC4/SERPINA1
du57,4.205676,-1,0.14172,0,3.955433,-1,0.67602,0,1,DD,CPOX/ABCA1
du58,3.258461,-1,0.34098,1,1.923432,-0.027291,0.61682,1,1,DD,GLI2/BLM
du59,5.969969,-1,0.09906,0,3.525228,-1,0.12031,0,0,DD,BRWD3/CHD8
du61,3.356873,-1,0.98951,1,5.738685,-1,0.12645,1,1,DD,G6PD/ARID1B
du62,4.10478,-1,0.13965,1,4.993069,-1,0.7637,1,0,DD,CHD7/DMD
du64,2.975305,-1,0.24974,1,3.826724,-1,0.5595,1,0,DD,DNM1L/PDHA1
du65,6.102435,-1,0.25081,0,5.934099,-1,0.15462,0,0,DD,SMC1A/EFHC1
du66,4.141434,-1,0.19342,1,4.488357,-1,0.34098,1,0,DD,KDM5C/GLI2
du67,4.071114,-1,0.0807,0,5.080175,-1,0.10708,0,0,DD,LAS1L/GLI3
du69,4.180097,-1,0.50577,1,2.748756,-1,0.28713,1,1,DD,PAFAH1B1/FGD1
du70,3.96156,-1,0.21408,1,4.953962,-1,0.5595,1,0,DD,SCN1A/PDHA1
du72,6.167369,-1,0.11567,0,3.942782,-1,0.35105,0,0,DD,MED13L/HUWE1
du73,3.228048,-1,0.33817,1,2.333306,-1,0.25273,1,0,DD,DDX3X/COL7A1
du74,4.105945,-1,0.56316,1,4.874902,-1,0.17535,1,0,DD,ATRX/COL9A1
du75,4.030935,-1,0.42741,1,4.722607,-1,0.24792,1,1,DD,PCCA/AGL
du76,4.47769,-1,0.18035,0,3.538239,-1,0.08046,0,1,DD,MCCC2/HEXB
du77,3.654806,-1,0.07339,0,4.033676,1.9243,0.22977,0,0,DD,MTPAP/NPC1
du78,5.846116,-1,0.48408,0,9.373493,-1,0.11308,0,0,DD,XPC/LRRC14
du79,3.753733,-1,0.96194,0,3.841586,-1,0.48162,0,0,DD,MMP2/TPO
du80,3.131577,-1,0.10005,0,6.175144,-1,0.24792,0,0,DD,LPAR6/AGL
du81,5.735972,-1,0.1681,1,5.356968,-1,0.15914,1,0,DD,PAPSS2/TRDN
du83,9.783576,3.295231,0.16015,1,8.593553,4.727181,None,1,0,DD,AGPAT2/OBSL1
du85,3.956409,-1,0.69428,1,3.134163,-1,0.26819,1,0,DD,MECP2/F7
du86,3.356873,-1,0.98951,1,4.49691,-1,0.40608,1,0,DD,G6PD/FANCG
du87,4.78936,-1,0.4222,0,3.910294,-1,0.18974,0,0,DD,SLC35A2/TCF12
du90,3.380462,-1,0.25081,0,2.170131,-1,0.87681,0,1,DD,SMC1A/CFTR
du91,3.532409,-1,0.58893,1,4.509158,-1,0.58549,1,0,DD,AVPR2/SLC45A2
du93,4.317497,-1,0.12564,1,5.559382,2.461791,0.13039,1,0,DD,HDAC8/IRX5
du94,4.229748,-1,0.22678,0,7.03182,4.195388,0.6537,0,0,DD,NLGN4X/BCS1L
du95,4.521046,-1,0.10114,0,4.713159,-1,0.09638,0,0,DD,PHF8/KIAA2022