DidaID,RecA,EssA,RecB,EssB,Path,DE,AllelicState,Orphanet,Name,Pair,x,y
dd001,0.34,0.0,0.3,1.0,1,CO,2,768,Familial long QT syndrome,KCNQ1/KCNH2,0.642321765422821,0.5255414843559265
dd002,0.16,1.0,0.51,1.0,1,TD,2,87884,Non-syndromic genetic deafness,GJB3/GJB2,0.6981614828109741,0.3514467775821686
dd003,0.16,1.0,0.51,1.0,1,TD,2,87884,Non-syndromic genetic deafness,GJB3/GJB2,0.6981614828109741,0.3514467775821686
dd004,0.16,1.0,0.51,1.0,1,TD,2,87884,Non-syndromic genetic deafness,GJB3/GJB2,0.6981614828109741,0.3514467775821686
dd005,0.2,1.0,0.44,0.0,0,TD,2,87884,Non-syndromic genetic deafness,FOXI1/SLC26A4,0.3071826100349426,0.022308683022856712
dd006,0.18,0.0,0.2,0.0,0,CO,3,87884,Non-syndromic genetic deafness,ATP2B2/CDH23,0.20490936934947968,0.6740219593048096
dd007,0.18,0.0,0.2,0.0,0,TD,2,886,Usher syndrome,PCDH15/CDH23,0.11660229414701462,0.3038741946220398
dd008,0.18,0.0,0.2,0.0,0,TD,2,886,Usher syndrome,PCDH15/CDH23,0.11660229414701462,0.3038741946220398
dd009,0.18,0.0,0.2,0.0,0,CO,2,886,Usher syndrome,PCDH15/CDH23,0.11660229414701462,0.3038741946220398
dd010,0.09,1.0,0.11,1.0,0,TD,2,1505,Short rib-polydactyly syndrome,NEK1/DYNC2H1,0.40785083174705505,0.1818789839744568
dd011,0.27,1.0,0.54,1.0,1,CO,3,656,Familial idiopathic steroid-resistant nephrotic syndrome,NPHS2/NPHS1,0.5824506878852844,0.8423022627830505
dd012,0.21,0.292,0.13,1.0,0,UK,2,478,Kallmann syndrome,KAL1/PROKR2,0.38413724303245544,0.3213052749633789
dd013,0.24,0.292,0.79,1.0,0,CO,2,478,Kallmann syndrome,NSMF/FGFR1,0.43588319420814514,0.32479867339134216
dd014,0.24,0.0,0.79,1.0,0,UK,3,174590,Congenital hypogonadotropic hypogonadism,GNRHR/FGFR1,0.3761403560638428,0.5782099962234497
dd015,0.21,0.292,0.13,1.0,0,UK,2,478,Kallmann syndrome,KAL1/PROKR2,0.36426404118537903,0.30948328971862793
dd016,0.24,0.292,0.21,0.292,0,UK,2,478,Kallmann syndrome,NSMF/KAL1,0.1709509640932083,0.2176380157470703
dd017,0.24,0.292,0.14,0.0,0,UK,2,478,Kallmann syndrome,NSMF/TACR3,0.14711441099643707,0.23852695524692535
dd018,0.79,1.0,0.13,1.0,0,CO,2,478,Kallmann syndrome,FGFR1/PROKR2,0.45575180649757385,0.13253137469291687
dd019,0.11,0.292,0.25,1.0,0,CO,3,238475,Familial hypercholanemia,BAAT/TJP2,0.3719792366027832,0.6289464831352234
dd020,0.11,0.292,0.25,1.0,0,CO,3,238475,Familial hypercholanemia,BAAT/TJP2,0.36252379417419434,0.6168003678321838
dd021,0.13,0.292,0.09,0.292,0,TD,4,174590,Congenital hypogonadotropic hypogonadism,OTUD4/RNF216,0.26238057017326355,0.7417324185371399
dd022,0.73,1.0,0.68,1.0,0,TD,2,388,Hirschsprung disease,EDNRB/RET,0.4758318066596985,0.17403031885623932
dd023,0.54,0.0,0.18,0.0,1,TD,2,2828,Young-onset Parkinson disease,PARK7/PINK1,0.9488537311553955,0.4630487859249115
dd024,0.48,0.0,0.18,0.0,1,CO,3,2828,Young-onset Parkinson disease,PARK2/PINK1,0.37130165100097656,0.9351880550384521
dd026,0.41,0.0,0.62,0.0,0,CO,2,98977,Juvenile glaucoma,MYOC/CYP1B1,0.05019001290202141,0.3666529357433319
dd027,0.41,0.0,0.62,0.0,0,TD,2,98976,Congenital glaucoma,MYOC/CYP1B1,0.05019001290202141,0.3666529357433319
dd028,0.42,1.0,0.89,1.0,1,UK,2,352740,Ocular albinism with congenital sensorineural deafness,MITF/TYR,0.6705367565155029,0.33308881521224976
dd029,0.89,1.0,0.37,1.0,1,CO,3,55,Oculocutaneous albinism,TYR/OCA2,0.6176717877388,0.8421960473060608
dd030,0.89,1.0,0.37,1.0,1,CO,3,55,Oculocutaneous albinism,TYR/OCA2,0.6176717877388,0.8421960473060608
dd031,0.28,1.0,0.33,1.0,1,UK,3,305,Junctional epidermolysis bullosa,COL17A1/LAMB3,0.5757644772529602,0.8921061754226685
dd032,0.35,1.0,0.42,0.0,1,CO,2,98881,Familial dysfibrinogenemia,FGG/FGA,0.8161703944206238,0.3658318519592285
dd033,0.43,0.0,0.27,0.0,1,CO,3,214,Cystinuria,SLC3A1/SLC7A9,0.3855321407318115,0.9594321250915527
dd034,0.43,0.0,0.27,0.0,1,CO,3,214,Cystinuria,SLC3A1/SLC7A9,0.3855321407318115,0.9594321250915527
dd035,0.43,0.0,0.27,0.0,1,CO,2,214,Cystinuria,SLC3A1/SLC7A9,0.9319741725921631,0.478890597820282
dd036,0.43,0.0,0.27,0.0,1,CO,3,214,Cystinuria,SLC3A1/SLC7A9,0.3855321407318115,0.9594321250915527
dd037,0.21,0.0,0.1,1.0,1,CO,2,891,Familial exudative vitreoretinopathy,FZD4/LRP5,0.6767075657844543,0.5731987953186035
dd038,0.54,0.0,0.99,0.0,1,CO,3,261,Emery-Dreifuss muscular dystrophy,EMD/LMNA,0.34868961572647095,0.9878386855125427
dd039,0.54,0.0,0.99,0.0,1,CO,2,261,Emery-Dreifuss muscular dystrophy,EMD/LMNA,1.0,0.522367537021637
dd040,0.16,0.292,0.09,1.0,0,CO,2,166,Charcot-Marie-Tooth disease,GDAP1/MFN2,0.3751989006996155,0.2842179238796234
dd041,0.56,0.292,0.14,0.292,1,CO,2,738,Porphyria,ALAD/CPOX,0.8873023390769958,0.44984644651412964
dd042,0.15,0.292,0.34,1.0,0,UK,2,254892,Autosomal dominant progressive external ophthalmoplegia,C10orf2/POLG,0.4082763195037842,0.31945472955703735
dd043,0.21,1.0,0.34,1.0,1,CO,2,36387,Generalized epilepsy with febrile seizures-plus,SCN1A/SCN2A,0.7230098843574524,0.3509509265422821
dd045,0.14,1.0,0.24600000000000002,0.0,0,UK,2,758,Pseudoxanthoma elasticum,GGCX/ABCC6,0.3039749562740326,0.047655683010816574
dd046,0.63,1.0,0.3,1.0,0,CO,2,782,Axenfeld-Rieger syndrome,PITX2/FOXC1,0.45371177792549133,0.15612445771694183
dd047,0.59,1.0,0.24600000000000002,1.0,1,CO,2,304,Epidermolysis bullosa simplex,KRT5/KRT14,0.7345669269561768,0.29162225127220154
dd048,0.11,0.0,0.26,1.0,0,CO,2,768,Familial long QT syndrome,KCNE2/SCN5A,0.3976374566555023,0.34948524832725525
dd049,0.21,0.0,0.24600000000000002,1.0,0,CO,2,891,Familial exudative vitreoretinopathy,FZD4/F5,0.39580583572387695,0.37369677424430847
dd050,0.69,1.0,0.23,1.0,1,CO,2,738,Porphyria,HMBS/UROD,0.7135595083236694,0.27505406737327576
dd051,0.54,0.0,0.73,0.0,0,TD,2,220489,Rare hereditary hemochromatosis,HAMP/HFE,0.03202086687088013,0.3687087893486023
dd052,0.54,0.0,0.73,0.0,0,CO,3,220489,Rare hereditary hemochromatosis,HAMP/HFE,0.15707795321941376,0.6541985273361206
dd053,0.33,0.0,0.34,0.0,1,UK,2,768,Familial long QT syndrome,KCNE1/KCNQ1,0.9504398703575134,0.5054703950881958
dd054,0.33,0.0,0.34,0.0,1,CO,2,768,Familial long QT syndrome,KCNE1/KCNQ1,0.9504398703575134,0.5054703950881958
dd055,0.33,0.0,0.34,0.0,1,UK,2,768,Familial long QT syndrome,KCNE1/KCNQ1,0.9504398703575134,0.5054703950881958
dd056,0.33,0.0,0.34,0.0,1,CO,2,768,Familial long QT syndrome,KCNE1/KCNQ1,0.9504398703575134,0.5054703950881958
dd058,0.33,0.0,0.3,1.0,1,CO,2,768,Familial long QT syndrome,KCNE1/KCNH2,0.6468149423599243,0.49481257796287537
dd059,0.33,0.0,0.3,1.0,1,CO,2,768,Familial long QT syndrome,KCNE1/KCNH2,0.6673325300216675,0.5069718956947327
dd060,0.33,0.0,0.3,1.0,1,CO,3,768,Familial long QT syndrome,KCNE1/KCNH2,0.468601793050766,0.7968013882637024
dd061,0.33,0.0,0.3,1.0,1,UK,2,768,Familial long QT syndrome,KCNE1/KCNH2,0.6670808792114258,0.539813756942749
dd062,0.33,0.0,0.3,1.0,1,CO,2,768,Familial long QT syndrome,KCNE1/KCNH2,0.6673325300216675,0.5069718956947327
dd063,0.33,0.0,0.3,1.0,1,UK,2,768,Familial long QT syndrome,KCNE1/KCNH2,0.6670808792114258,0.539813756942749
dd064,0.33,0.0,0.3,1.0,1,CO,2,768,Familial long QT syndrome,KCNE1/KCNH2,0.6670808792114258,0.539813756942749
dd065,0.33,0.0,0.26,1.0,0,UK,2,768,Familial long QT syndrome,KCNE1/SCN5A,0.35994088649749756,0.3461066484451294
dd066,0.33,0.0,0.26,1.0,0,CO,2,768,Familial long QT syndrome,KCNE1/SCN5A,0.35994088649749756,0.3461066484451294
dd067,0.34,0.0,0.3,1.0,1,UK,2,768,Familial long QT syndrome,KCNQ1/KCNH2,0.642321765422821,0.5255414843559265
dd068,0.34,0.0,0.3,1.0,1,UK,2,768,Familial long QT syndrome,KCNQ1/KCNH2,0.642321765422821,0.5255414843559265
dd069,0.26,1.0,0.3,1.0,0,UK,2,768,Familial long QT syndrome,SCN5A/KCNH2,0.42534199357032776,0.16818025708198547
dd070,0.56,0.0,0.3,1.0,0,UK,2,768,Familial long QT syndrome,CAV3/KCNH2,0.3503417670726776,0.37563979625701904
dd071,0.1,0.0,0.31,1.0,1,UK,3,110,Bardet-Biedl syndrome,BBS2/MKKS,0.4844980239868164,0.7590308785438538
dd072,0.1,0.0,0.31,1.0,1,UK,3,110,Bardet-Biedl syndrome,BBS2/MKKS,0.4844980239868164,0.7590308785438538
dd073,0.1,0.0,0.31,1.0,1,UK,3,110,Bardet-Biedl syndrome,BBS2/MKKS,0.4844980239868164,0.7590308785438538
dd074,0.1,0.0,0.31,1.0,1,TD,3,110,Bardet-Biedl syndrome,BBS2/MKKS,0.4844980239868164,0.7590308785438538
dd075,0.1,0.0,0.33,1.0,1,TD,4,110,Bardet-Biedl syndrome,BBS2/BBS4,0.44559693336486816,0.7353906035423279
dd076,0.24600000000000002,1.0,0.18,0.292,1,UK,3,110,Bardet-Biedl syndrome,BBS1/BBS7,0.5314494967460632,0.9436835646629333
dd077,0.24600000000000002,1.0,0.1,0.0,1,UK,3,110,Bardet-Biedl syndrome,BBS1/BBS2,0.4925507605075836,0.9619172215461731
dd078,0.24600000000000002,1.0,0.31,1.0,1,UK,3,110,Bardet-Biedl syndrome,BBS1/MKKS,0.560382604598999,0.8545842170715332
dd079,0.24600000000000002,1.0,0.31,1.0,1,UK,3,110,Bardet-Biedl syndrome,BBS1/MKKS,0.560382604598999,0.8545842170715332
dd080,0.24600000000000002,1.0,0.1,0.0,1,UK,3,110,Bardet-Biedl syndrome,BBS1/BBS2,0.5064316987991333,0.9804071187973022
dd081,0.24600000000000002,1.0,0.33,1.0,1,UK,3,110,Bardet-Biedl syndrome,BBS1/BBS4,0.5714821219444275,0.8732631206512451
dd082,0.1,0.0,0.33,1.0,1,TD,2,110,Bardet-Biedl syndrome,BBS2/BBS4,0.6922616958618164,0.5130425095558167
dd083,0.1,0.0,0.33,1.0,1,TD,2,110,Bardet-Biedl syndrome,BBS2/BBS4,0.6922616958618164,0.5130425095558167
dd084,0.24600000000000002,1.0,0.18,0.292,0,CO,3,110,Bardet-Biedl syndrome,BBS1/CCDC28B,0.28592824935913086,0.6568594574928284
dd085,0.24600000000000002,1.0,0.18,0.292,0,CO,3,110,Bardet-Biedl syndrome,BBS1/CCDC28B,0.29118776321411133,0.6688522100448608
dd086,0.18,0.292,0.33,1.0,1,CO,3,110,Bardet-Biedl syndrome,BBS7/BBS4,0.523963987827301,0.8001285195350647
dd087,0.18,0.292,0.1,0.0,1,UK,3,110,Bardet-Biedl syndrome,BBS7/BBS2,0.41451358795166016,0.9434681534767151
dd088,0.12,0.292,0.31,0.0,1,UK,3,475,Joubert syndrome,CEP41/CEP290,0.41394248604774475,0.9765139222145081
dd089,0.22,0.292,0.15,0.292,1,UK,3,110,Bardet-Biedl syndrome,BBS5/BBS10,0.4489857256412506,0.926132321357727
dd090,0.15,0.292,0.31,1.0,1,UK,3,110,Bardet-Biedl syndrome,BBS10/MKKS,0.511965274810791,0.7749687433242798
dd091,0.15,0.292,0.17,0.292,1,UK,3,110,Bardet-Biedl syndrome,BBS10/BBS12,0.42927664518356323,0.9188506603240967
dd092,0.15,0.292,0.17,0.292,1,UK,3,110,Bardet-Biedl syndrome,BBS10/BBS12,0.4403996467590332,0.8991317749023438
dd093,0.15,0.292,0.31,1.0,1,UK,3,110,Bardet-Biedl syndrome,BBS10/MKKS,0.49167144298553467,0.7966348528862
dd094,0.17,0.292,0.33,1.0,1,UK,3,110,Bardet-Biedl syndrome,BBS12/BBS4,0.5294904112815857,0.7753673791885376
dd095,0.24600000000000002,1.0,0.15,0.292,1,UK,3,110,Bardet-Biedl syndrome,BBS1/BBS10,0.5110613107681274,0.942564070224762
dd096,0.24600000000000002,1.0,0.15,0.292,1,UK,3,110,Bardet-Biedl syndrome,BBS1/BBS10,0.5110613107681274,0.942564070224762
dd097,0.1,0.0,0.31,1.0,1,UK,3,110,Bardet-Biedl syndrome,BBS2/MKKS,0.4844980239868164,0.7590308785438538
dd098,0.1,0.0,0.31,1.0,1,UK,3,110,Bardet-Biedl syndrome,BBS2/MKKS,0.4844980239868164,0.7590308785438538
dd099,0.15,0.292,0.1,0.0,1,UK,3,110,Bardet-Biedl syndrome,BBS10/BBS2,0.4324161112308502,0.9571301341056824
dd100,0.1,0.0,0.17,0.292,1,UK,3,110,Bardet-Biedl syndrome,BBS2/BBS12,0.4086442291736603,0.8972914218902588
dd101,0.1,0.0,0.17,0.292,1,UK,3,110,Bardet-Biedl syndrome,BBS2/BBS12,0.4086442291736603,0.8972914218902588
dd102,0.15,0.292,0.31,1.0,1,UK,3,110,Bardet-Biedl syndrome,BBS10/MKKS,0.5081073045730591,0.8162992000579834
dd103,0.15,0.292,0.1,0.0,1,UK,3,110,Bardet-Biedl syndrome,BBS10/BBS2,0.4324161112308502,0.9571301341056824
dd104,0.15,0.292,0.31,1.0,1,UK,3,110,Bardet-Biedl syndrome,BBS10/MKKS,0.5065344572067261,0.7928116917610168
dd105,0.24600000000000002,1.0,0.1,0.0,1,UK,3,110,Bardet-Biedl syndrome,BBS1/BBS2,0.4915499985218048,0.985794186592102
dd106,0.24600000000000002,1.0,0.2,1.0,1,UK,3,110,Bardet-Biedl syndrome,BBS1/TTC8,0.5544859170913696,0.882278323173523
dd107,0.24600000000000002,1.0,0.2,0.292,1,UK,3,110,Bardet-Biedl syndrome,BBS1/BBS9,0.5346952676773071,0.9679483771324158
dd108,0.15,0.292,0.17,0.292,1,UK,3,110,Bardet-Biedl syndrome,BBS10/BBS12,0.42927664518356323,0.9188506603240967
dd109,0.15,0.292,0.31,1.0,1,UK,3,110,Bardet-Biedl syndrome,BBS10/MKKS,0.5170876383781433,0.7520044445991516
dd110,0.15,0.292,0.1,0.0,1,UK,3,110,Bardet-Biedl syndrome,BBS10/BBS2,0.4324161112308502,0.9571301341056824
dd111,0.21,0.0,0.2,1.0,1,UK,3,110,Bardet-Biedl syndrome,ARL6/TTC8,0.45881497859954834,0.7765218615531921
dd112,0.18,0.292,0.2,1.0,1,UK,3,110,Bardet-Biedl syndrome,BBS7/TTC8,0.4872909188270569,0.8178303837776184
dd113,0.24600000000000002,1.0,0.17,0.292,1,UK,3,110,Bardet-Biedl syndrome,BBS1/BBS12,0.5194121599197388,0.9653204083442688
dd114,0.38,0.0,0.27,1.0,1,TD,2,656,Familial idiopathic steroid-resistant nephrotic syndrome,CD2AP/NPHS2,0.6411483287811279,0.5566955804824829
dd115,0.27,1.0,0.54,1.0,1,TD,3,656,Familial idiopathic steroid-resistant nephrotic syndrome,NPHS2/NPHS1,0.5915020704269409,0.8692421913146973
dd116,0.87,1.0,0.54,1.0,0,TD,2,656,Familial idiopathic steroid-resistant nephrotic syndrome,WT1/NPHS1,0.47659334540367126,0.15198497474193573
dd117,0.89,1.0,0.59,0.0,1,TD,2,55,Oculocutaneous albinism,TYR/SLC45A2,0.840750515460968,0.35407692193984985
dd118,0.89,1.0,0.59,0.0,1,TD,2,55,Oculocutaneous albinism,TYR/SLC45A2,0.840750515460968,0.35407692193984985
dd119,0.37,1.0,0.59,0.0,1,TD,3,55,Oculocutaneous albinism,OCA2/SLC45A2,0.5210776925086975,1.0
dd120,0.89,1.0,0.59,0.0,1,TD,2,55,Oculocutaneous albinism,TYR/SLC45A2,0.840750515460968,0.35407692193984985
dd121,0.89,1.0,0.37,1.0,1,TD,2,55,Oculocutaneous albinism,TYR/OCA2,0.6872755289077759,0.25500184297561646
dd122,0.69,0.0,0.41,0.0,0,UK,3,238569,Autosomal recessive early-onset inflammatory bowel disease,NOD2/IL10RA,0.17168572545051575,0.6377884149551392
dd123,0.1,0.292,0.69,1.0,1,TD,2,622,Homocystinuria without methylmalonic aciduria,LMBRD1/MTR,0.6893380284309387,0.46871501207351685
dd124,0.34,0.0,0.18,0.0,0,TD,2,886,Usher syndrome,MYO7A/PCDH15,0.07912271469831467,0.29039278626441956
dd125,0.1,1.0,0.2,0.292,0,CO,2,2227,Hypodontia,EDA/WNT10A,0.3237743675708771,0.0789288803935051
dd126,0.1,1.0,0.2,0.292,0,CO,2,2227,Hypodontia,EDA/WNT10A,0.3418298363685608,0.054506782442331314
dd127,0.1,1.0,0.2,0.292,0,UK,2,2227,Hypodontia,EDA/WNT10A,0.3237743675708771,0.0789288803935051
dd128,0.1,1.0,0.2,0.292,0,CO,2,2227,Hypodontia,EDA/WNT10A,0.34623125195503235,0.08267281204462051
dd129,0.1,1.0,0.2,0.292,0,UK,2,2227,Hypodontia,EDA/WNT10A,0.3237743675708771,0.0789288803935051
dd130,0.1,1.0,0.2,0.292,0,UK,2,2227,Hypodontia,EDA/WNT10A,0.3418298363685608,0.054506782442331314
dd131,0.27,1.0,0.54,1.0,1,UK,3,656,Familial idiopathic steroid-resistant nephrotic syndrome,NPHS2/NPHS1,0.5915020704269409,0.8692421913146973
dd132,0.27,1.0,0.54,1.0,1,UK,3,656,Familial idiopathic steroid-resistant nephrotic syndrome,NPHS2/NPHS1,0.5824506878852844,0.8423022627830505
dd133,0.27,1.0,0.54,1.0,1,UK,4,656,Familial idiopathic steroid-resistant nephrotic syndrome,NPHS2/NPHS1,0.6067933440208435,0.9099202752113342
dd134,0.18,0.0,0.32,0.0,0,CO,2,87884,Non-syndromic genetic deafness,ATP2B2/MYO6,0.09485864639282227,0.34809213876724243
dd135,0.13,0.292,0.1,0.292,0,UK,2,368,Glycogen storage disease due to muscle glycogen phosphorylase deficiency,PYGM/CPT2,0.19881588220596313,0.25828906893730164
dd136,0.21,0.292,0.13,1.0,0,CO,2,478,Kallmann syndrome,KAL1/PROKR2,0.36426404118537903,0.30948328971862793
dd137,0.21,0.292,0.79,1.0,1,UK,2,174590,Congenital hypogonadotropic hypogonadism,KAL1/FGFR1,0.6725841760635376,0.4563651382923126
dd138,0.24,0.0,0.79,1.0,0,UK,3,432,Normosmic congenital hypogonadotropic hypogonadism,GNRHR/FGFR1,0.3761403560638428,0.5782099962234497
dd139,0.21,0.292,0.13,1.0,0,UK,2,174590,Congenital hypogonadotropic hypogonadism,KAL1/PROKR2,0.38598203659057617,0.30334270000457764
dd140,0.16,1.0,0.79,1.0,0,UK,2,432,Normosmic congenital hypogonadotropic hypogonadism,KISS1R/FGFR1,0.45962172746658325,0.21306654810905457
dd141,0.12,0.0,0.13,1.0,1,UK,2,432,Normosmic congenital hypogonadotropic hypogonadism,PROK2/PROKR2,0.6954681873321533,0.5664093494415283
dd142,0.21,0.292,0.79,1.0,1,UK,2,478,Kallmann syndrome,KAL1/FGFR1,0.6725841760635376,0.4563651382923126
dd143,0.21,0.292,0.14,1.0,0,UK,2,478,Kallmann syndrome,KAL1/CHD7,0.398384690284729,0.29022490978240967
dd144,0.34,0.0,0.26,1.0,0,CO,2,768,Familial long QT syndrome,KCNQ1/SCN5A,0.37450850009918213,0.37170007824897766
dd145,0.38,1.0,0.44,0.0,0,TD,2,87884,Non-syndromic genetic deafness,KCNJ10/SLC26A4,0.28929993510246277,0.022032542154192924
dd146,0.38,1.0,0.44,0.0,0,TD,2,87884,Non-syndromic genetic deafness,KCNJ10/SLC26A4,0.29018935561180115,0.0
dd147,0.34,0.0,0.26,1.0,0,CO,2,768,Familial long QT syndrome,KCNQ1/SCN5A,0.37450850009918213,0.37170007824897766
dd148,0.71,1.0,0.68,1.0,1,TD,2,388,Hirschsprung disease,GDNF/RET,0.6671715378761292,0.3027346134185791
dd152,0.16,0.292,0.09,1.0,0,CO,3,166,Charcot-Marie-Tooth disease,GDAP1/MFN2,0.3569099009037018,0.6371161937713623
dd153,0.34,0.0,0.2,0.0,0,TD,3,886,Usher syndrome,MYO7A/CDH23,0.19276300072669983,0.66034996509552
dd154,0.17,0.0,0.2,0.0,0,TD,3,886,Usher syndrome,USH1C/CDH23,0.19206203520298004,0.6837611198425293
dd155,0.34,0.0,0.17,0.0,0,TD,3,886,Usher syndrome,MYO7A/GPR98,0.19609805941581726,0.6425251364707947
dd156,0.16,0.0,0.17,0.0,0,TD,3,886,Usher syndrome,DFNB31/GPR98,0.20546390116214752,0.6985191702842712
dd157,0.34,0.0,0.24600000000000002,0.0,0,TD,3,886,Usher syndrome,MYO7A/USH2A,0.17891523241996765,0.6659807562828064
dd158,0.54,0.0,0.99,0.0,1,CO,2,334,Familial atrial fibrillation,EMD/LMNA,1.0,0.522367537021637
dd159,0.54,0.0,0.99,0.0,1,CO,2,334,Familial atrial fibrillation,EMD/LMNA,1.0,0.522367537021637
dd160,0.54,0.0,0.99,0.0,1,CO,3,166,Charcot-Marie-Tooth disease,EMD/LMNA,0.3531900942325592,0.994925320148468
dd161,0.11,0.292,0.24600000000000002,0.0,0,CO,3,886,Usher syndrome,PDZD7/USH2A,0.22645917534828186,0.668132483959198
dd162,0.11,0.292,0.24600000000000002,0.0,0,TD,3,886,Usher syndrome,PDZD7/USH2A,0.2230181246995926,0.6881669163703918
dd163,0.11,0.292,0.17,0.0,0,TD,2,886,Usher syndrome,PDZD7/GPR98,0.18136699497699738,0.29279014468193054
dd164,0.79,1.0,0.12,0.0,0,TD,2,478,Kallmann syndrome,FGFR1/IL17RD,0.2483871579170227,0.03875517100095749
dd165,0.16,1.0,0.12,0.0,0,UK,2,478,Kallmann syndrome,KISS1R/IL17RD,0.29498526453971863,0.06449756026268005
dd166,0.79,1.0,0.37,1.0,1,UK,2,478,Kallmann syndrome,FGFR1/DUSP6,0.6953428983688354,0.2749437987804413
dd167,0.14,1.0,0.37,1.0,0,UK,2,478,Kallmann syndrome,SPRY4/DUSP6,0.42724621295928955,0.1971074342727661
dd168,0.14,1.0,0.37,1.0,0,UK,2,478,Kallmann syndrome,SPRY4/DUSP6,0.42724621295928955,0.1971074342727661
dd169,0.14,1.0,0.79,1.0,0,UK,2,478,Kallmann syndrome,SPRY4/FGFR1,0.44651758670806885,0.2189231514930725
dd170,0.79,1.0,0.12,1.0,1,UK,2,478,Kallmann syndrome,FGFR1/FLRT3,0.7269057631492615,0.2601687014102936
dd171,0.37,1.0,0.32,0.292,0,UK,4,54260,Left ventricular non-compaction,ITGA7/MYH7B,0.28036609292030334,0.7256766557693481
dd172,0.94,1.0,0.24600000000000002,1.0,1,CO,2,552,MODY,HNF4A/HNF1A,0.7069079279899597,0.2477661818265915
dd173,0.57,0.0,0.16,0.0,0,TD,2,540,Familial hemophagocytic lymphohistiocytosis,PRF1/UNC13D,0.029539762064814568,0.2598915696144104
dd174,0.57,0.0,0.16,0.0,0,TD,2,540,Familial hemophagocytic lymphohistiocytosis,PRF1/UNC13D,0.029539762064814568,0.2598915696144104
dd175,0.57,0.0,0.16,0.0,0,TD,2,540,Familial hemophagocytic lymphohistiocytosis,PRF1/UNC13D,0.029539762064814568,0.2598915696144104
dd176,0.57,0.0,0.16,0.0,0,TD,2,540,Familial hemophagocytic lymphohistiocytosis,PRF1/UNC13D,0.029539762064814568,0.2598915696144104
dd177,0.57,0.0,0.16,0.0,0,TD,2,540,Familial hemophagocytic lymphohistiocytosis,PRF1/UNC13D,0.019658980891108513,0.2979695498943329
dd178,0.57,0.0,0.16,0.0,0,TD,2,540,Familial hemophagocytic lymphohistiocytosis,PRF1/UNC13D,0.029539762064814568,0.2598915696144104
dd179,0.57,0.0,0.16,0.0,0,TD,2,540,Familial hemophagocytic lymphohistiocytosis,PRF1/UNC13D,0.019658980891108513,0.2979695498943329
dd180,0.57,0.0,0.16,0.0,0,TD,2,540,Familial hemophagocytic lymphohistiocytosis,PRF1/UNC13D,0.05677534267306328,0.2619786858558655
dd181,0.57,0.0,0.16,0.0,0,TD,2,540,Familial hemophagocytic lymphohistiocytosis,PRF1/UNC13D,0.010246672667562962,0.23431646823883057
dd182,0.57,0.0,0.16,0.0,0,TD,2,540,Familial hemophagocytic lymphohistiocytosis,PRF1/UNC13D,0.0,0.2571079730987549
dd184,0.57,0.0,0.16,0.0,0,TD,2,540,Familial hemophagocytic lymphohistiocytosis,PRF1/UNC13D,0.0017876643687486649,0.28104615211486816
dd185,0.57,0.0,0.16,0.0,0,TD,2,540,Familial hemophagocytic lymphohistiocytosis,PRF1/UNC13D,0.044771708548069,0.29178762435913086
dd187,0.57,0.0,0.16,0.0,0,TD,2,540,Familial hemophagocytic lymphohistiocytosis,PRF1/UNC13D,0.044771708548069,0.29178762435913086
dd188,0.57,0.0,0.13,0.292,0,TD,2,540,Familial hemophagocytic lymphohistiocytosis,PRF1/STXBP2,0.045367032289505005,0.18991337716579437
dd190,0.57,0.0,0.13,0.292,0,TD,2,540,Familial hemophagocytic lymphohistiocytosis,PRF1/STXBP2,0.058698296546936035,0.22548192739486694
dd191,0.57,0.0,0.13,0.292,0,TD,2,540,Familial hemophagocytic lymphohistiocytosis,PRF1/STXBP2,0.06182960420846939,0.20073723793029785
dd192,0.57,0.0,0.13,0.292,0,TD,2,540,Familial hemophagocytic lymphohistiocytosis,PRF1/STXBP2,0.027943866327404976,0.20310087502002716
dd193,0.57,0.0,0.13,0.292,0,TD,2,540,Familial hemophagocytic lymphohistiocytosis,PRF1/STXBP2,0.04327195882797241,0.21587912738323212
dd194,0.13,0.292,0.16,0.0,0,TD,2,540,Familial hemophagocytic lymphohistiocytosis,STXBP2/UNC13D,0.15488839149475098,0.28761526942253113
dd195,0.13,0.292,0.16,0.0,0,TD,2,540,Familial hemophagocytic lymphohistiocytosis,STXBP2/UNC13D,0.15488839149475098,0.28761526942253113
dd196,0.13,0.292,0.16,0.0,0,TD,2,540,Familial hemophagocytic lymphohistiocytosis,STXBP2/UNC13D,0.1724957972764969,0.2720987796783447
dd197,0.13,0.292,0.16,0.0,0,TD,2,540,Familial hemophagocytic lymphohistiocytosis,STXBP2/UNC13D,0.15984828770160675,0.2577558159828186
dd198,0.18,0.292,0.16,0.0,0,TD,2,540,Familial hemophagocytic lymphohistiocytosis,STX11/UNC13D,0.14221860468387604,0.26808735728263855
dd199,0.13,0.292,0.18,0.292,0,TD,2,540,Familial hemophagocytic lymphohistiocytosis,STXBP2/STX11,0.18298476934432983,0.24051453173160553
dd200,0.39,0.0,0.13,0.292,0,TD,2,540,Familial hemophagocytic lymphohistiocytosis,RAB27A/STXBP2,0.07969260215759277,0.2179613560438156
dd201,0.79,1.0,0.13,1.0,0,UK,2,478,Kallmann syndrome,FGFR1/PROKR2,0.45575180649757385,0.13253137469291687
dd202,0.16,1.0,0.13,1.0,1,UK,2,478,Kallmann syndrome,KISS1R/PROKR2,0.7373332977294922,0.3331373929977417
dd203,0.24,0.0,0.13,1.0,1,UK,2,478,Kallmann syndrome,GNRHR/PROKR2,0.6581724882125854,0.5718598365783691
dd204,0.24600000000000002,1.0,0.18,0.292,0,TD,3,110,Bardet-Biedl syndrome,BBS1/CCDC28B,0.28592824935913086,0.6568594574928284
dd205,0.15,0.292,0.34,1.0,0,UK,2,254892,Autosomal dominant progressive external ophthalmoplegia,C10orf2/POLG,0.4082763195037842,0.31945472955703735
dd206,0.51,1.0,0.11,0.0,0,TD,2,87884,Non-syndromic genetic deafness,GJB2/TMPRSS3,0.2719610035419464,0.046739447861909866
dd207,0.15,0.292,0.24600000000000002,1.0,0,TD,3,314978,X-linked non progressive cerebellar ataxia,ATP2B3/LAMA1,0.34830933809280396,0.6175482273101807
dd208,0.24,0.0,0.12,0.0,1,UK,3,174590,Congenital hypogonadotropic hypogonadism,GNRHR/PROK2,0.38764747977256775,0.9175320863723755
dd209,0.37,1.0,0.38,1.0,0,UK,2,155,Familial isolated hypertrophic cardiomyopathy,DSP/TTN,0.4411185085773468,0.1744994819164276
dd210,0.17,0.292,0.1,0.292,0,UK,2,155,Familial isolated hypertrophic cardiomyopathy,MYH7/NEXN,0.2019941210746765,0.23575563728809357
dd211,0.17,0.292,0.24600000000000002,0.292,0,UK,2,154,Familial isolated dilated cardiomyopathy,MYH7/RBM20,0.18875986337661743,0.21676939725875854
dd212,0.34,1.0,0.37,1.0,1,UK,2,247,Arrhythmogenic right ventricular dysplasia,JUP/DSP,0.7121775150299072,0.3242362439632416
dd213,0.34,1.0,0.37,1.0,1,UK,2,247,Arrhythmogenic right ventricular dysplasia,JUP/DSP,0.7121775150299072,0.3242362439632416
dd215,0.16,0.0,0.38,1.0,0,UK,3,54260,Left ventricular non-compaction,ABCC9/TTN,0.37936487793922424,0.6054560542106628
dd216,0.37,1.0,0.38,1.0,0,UK,3,154,Familial isolated dilated cardiomyopathy,DSP/TTN,0.3227316737174988,0.6429464221000671
dd217,0.1,0.292,0.38,1.0,0,UK,3,155,Familial isolated hypertrophic cardiomyopathy,NEXN/TTN,0.35604047775268555,0.5995700359344482
dd218,0.5,1.0,0.21,0.0,0,CO,2,275777,Heritable pulmonary arterial hypertension,BMPR2/KCNA5,0.2683956027030945,0.025366486981511116
dd219,0.74,1.0,0.6,1.0,1,CO,2,552,MODY,NEUROD1/PDX1,0.684410572052002,0.3003007471561432
dd220,0.74,1.0,0.6,1.0,1,CO,2,552,MODY,NEUROD1/PDX1,0.6739686131477356,0.27930134534835815
dd221,0.11,0.292,0.17,0.0,0,TD,2,87884,Non-syndromic genetic deafness,PDZD7/GPR98,0.16680854558944702,0.3106778860092163
dd222,0.21,0.0,0.23,0.0,0,TD,2,791,Retinitis pigmentosa,PRPH2/ROM1,0.09344928711652756,0.3167925477027893
dd223,0.21,0.0,0.23,0.0,0,TD,2,791,Retinitis pigmentosa,PRPH2/ROM1,0.09344928711652756,0.3167925477027893
dd224,0.14,0.0,0.39,0.0,0,TD,3,172973,Congenital myopathy with protein accumulation,TRIM54/TRIM63,0.17332936823368073,0.6881042122840881
dd225,0.4,0.292,0.24600000000000002,0.0,1,TD,2,325004,CANDLE syndrome,PSMA3/PSMB8,0.9175964593887329,0.45414143800735474
dd226,0.4,0.292,0.24600000000000002,0.0,1,TD,2,325004,CANDLE syndrome,PSMA3/PSMB8,0.9033663272857666,0.4715028405189514
dd227,0.3,0.292,0.24600000000000002,0.0,1,TD,2,325004,CANDLE syndrome,PSMB4/PSMB9,0.8887872695922852,0.48689284920692444
dd228,0.3,0.292,0.24600000000000002,0.0,1,TD,2,325004,CANDLE syndrome,PSMB4/PSMB8,0.8786665797233582,0.5071465969085693
dd229,0.08,1.0,0.1,0.292,1,TD,2,808,Seckel syndrome,CDK5RAP2/CEP152,0.7958670854568481,0.3647797405719757
dd230,0.25,0.0,0.34,0.0,1,CO,2,63,Alport syndrome,COL4A4/COL4A3,0.9260063171386719,0.5365099906921387
dd231,0.25,0.0,0.34,0.0,1,CO,2,63,Alport syndrome,COL4A4/COL4A3,0.9260063171386719,0.5365099906921387
dd232,0.25,0.0,0.34,0.0,1,CO,2,63,Alport syndrome,COL4A4/COL4A3,0.9260063171386719,0.5365099906921387
dd233,0.25,0.0,0.34,0.0,1,CO,2,63,Alport syndrome,COL4A4/COL4A3,0.9260063171386719,0.5365099906921387
dd234,0.25,0.0,0.34,0.0,1,CO,2,63,Alport syndrome,COL4A4/COL4A3,0.9260063171386719,0.5365099906921387
dd235,0.24600000000000002,0.0,0.25,0.0,1,CO,2,63,Alport syndrome,COL4A5/COL4A4,0.9405640959739685,0.5717493295669556
dd236,0.24600000000000002,0.0,0.25,0.0,1,CO,2,63,Alport syndrome,COL4A5/COL4A4,0.8928259015083313,0.5483659505844116
dd237,0.24600000000000002,0.0,0.25,0.0,1,CO,2,63,Alport syndrome,COL4A5/COL4A4,0.910080075263977,0.5711534023284912
dd238,0.24600000000000002,0.0,0.25,0.0,1,CO,3,63,Alport syndrome,COL4A5/COL4A4,0.39778655767440796,0.9344248175621033
dd239,0.24600000000000002,0.292,0.17,0.292,0,TD,4,93460,Overgrowth syndrome,MAN1B1/SEC23A,0.26173198223114014,0.733164370059967
dd240,0.24600000000000002,0.292,0.24600000000000002,0.0,0,TD,3,98661,Syndromic retinitis pigmentosa,C2orf71/RP1L1,0.2164415866136551,0.6513177752494812
dd241,0.89,1.0,0.11,0.292,0,TD,2,2162,Holoprosencephaly,SHH/DISP1,0.24077878892421722,0.057657089084386826
dd242,0.42,1.0,0.51,1.0,0,TD,2,87884,Non-syndromic genetic deafness,MITF/GJB2,0.45516419410705566,0.18575114011764526
dd243,0.11,0.0,0.21,1.0,1,TD,2,342,Familial Mediterranean fever,NLRP3/MEFV,0.7064191699028015,0.5380830764770508
dd244,0.11,0.0,0.21,1.0,1,TD,2,342,Familial Mediterranean fever,NLRP3/MEFV,0.6893025040626526,0.5441511273384094
dd245,0.92,0.0,0.21,1.0,0,TD,2,342,Familial Mediterranean fever,TNFRSF1A/MEFV,0.3300027549266815,0.37141743302345276
dd246,0.25,0.0,0.34,0.0,1,UK,2,63,Alport syndrome,COL4A4/COL4A3,0.9260063171386719,0.5365099906921387
dd247,0.25,0.0,0.34,0.0,1,UK,2,63,Alport syndrome,COL4A4/COL4A3,0.9260063171386719,0.5365099906921387
dd248,0.24600000000000002,0.0,0.34,0.0,1,UK,2,63,Alport syndrome,COL4A5/COL4A3,0.9157444834709167,0.5004634261131287
dd249,0.25,0.0,0.34,0.0,1,CO,2,63,Alport syndrome,COL4A4/COL4A3,0.9576965570449829,0.5457972288131714
dd250,0.24600000000000002,0.0,0.25,0.0,1,TD,2,63,Alport syndrome,COL4A5/COL4A4,0.8965076208114624,0.523130476474762
dd251,0.24600000000000002,0.0,0.34,0.0,1,CO,2,63,Alport syndrome,COL4A5/COL4A3,0.9157444834709167,0.5004634261131287
dd252,0.59,1.0,0.24600000000000002,1.0,1,TD,2,304,Epidermolysis bullosa simplex,KRT5/KRT14,0.7040566802024841,0.2971832752227783
dd253,0.59,1.0,0.24600000000000002,1.0,1,CO,2,304,Epidermolysis bullosa simplex,KRT5/KRT14,0.7201354503631592,0.29661133885383606
dd254,0.19,0.0,0.08,0.0,0,CO,2,619,Primary ovarian insufficiency,BMP15/SMC1B,0.10462012141942978,0.2765333354473114
dd255,0.09,1.0,0.24600000000000002,0.0,0,CO,2,619,Primary ovarian insufficiency,REC8/GDF9,0.32006165385246277,0.041944172233343124
dd256,0.1,0.0,0.42,1.0,0,CO,2,619,Primary ovarian insufficiency,GALT/FOXL2,0.4150351285934448,0.3581627309322357
dd257,0.1,0.0,0.24600000000000002,0.0,0,CO,2,619,Primary ovarian insufficiency,FIGLA/GDF9,0.13661958277225494,0.3309887945652008
dd258,0.19,0.0,0.24600000000000002,0.0,0,CO,2,619,Primary ovarian insufficiency,BMP15/NOBOX,0.11492229253053665,0.3373079299926758
dd259,0.24600000000000002,0.0,0.08,0.0,0,CO,3,619,Primary ovarian insufficiency,NOBOX/SMC1B,0.18923179805278778,0.7051633596420288
dd260,0.19,0.0,0.24600000000000002,0.0,0,CO,2,619,Primary ovarian insufficiency,BMP15/NOBOX,0.11492229253053665,0.3373079299926758
dd261,0.24600000000000002,0.292,0.15,0.0,0,TD,2,432,Normosmic congenital hypogonadotropic hypogonadism,TRAPPC9/PDE3A,0.13190560042858124,0.24950626492500305
dd262,0.1,1.0,0.62,0.0,0,TD,2,98976,Congenital glaucoma,TEK/CYP1B1,0.3251466155052185,0.0008792977896519005
dd263,0.1,1.0,0.62,0.0,0,TD,2,98976,Congenital glaucoma,TEK/CYP1B1,0.3251466155052185,0.0008792977896519005
dd264,0.1,1.0,0.62,0.0,0,TD,2,98976,Congenital glaucoma,TEK/CYP1B1,0.3251466155052185,0.0008792977896519005
dd265,0.1,1.0,0.62,0.0,0,TD,2,98976,Congenital glaucoma,TEK/CYP1B1,0.3251466155052185,0.0008792977896519005
dd266,0.14,0.0,0.13,1.0,0,TD,2,95496,Pituitary stalk interruption syndrome,WDR11/PROKR2,0.38228267431259155,0.34361276030540466
dd267,0.51,1.0,0.11,0.0,0,UK,2,87884,Non-syndromic genetic deafness,GJB2/TMPRSS3,0.2674233317375183,0.06509342044591904
dd268,0.1,1.0,0.08,0.0,0,TD,2,791,Retinitis pigmentosa,LRP5/EYS,0.29657474160194397,0.08703994005918503
