CHROM	POS	REF	ALT	RawScore	PHRED
1	63868019	G	A	2.439200	19.07
1	63885041	G	T	3.749683	23.3
1	76199211	A	G	5.072541	25.3
1	76226846	A	G	2.975482	22.1
1	100376404	G	A	5.778517	27.1
1	100382159	G	T	7.095051	33
1	103444259	C	T	2.774072	21.2
1	152283083	C	T	0.193503	4.611
1	153790551	G	A	11.850573	38
1	154560601	C	T	7.466843	34
1	209961935	G	A	13.915652	43
1	218578622	G	A	7.222104	34
10	30602819	C	G	6.351519	29.4
10	89487160	C	T	9.508700	35
10	89720852	C	T	12.828180	40
11	5248004	G	A	10.775339	36
11	5248154	A	G	0.772280	9.292
11	47463203	C	T	6.830708	33
11	47469438	C	T	5.408293	26.0
11	65978677	C	T	7.635711	35
11	88911350	C	T	6.750037	32
11	88961018	C	T	5.689983	26.8
12	13761726	C	G	6.162695	28.5
12	32884003	G	A	3.568276	23.1
12	32908058	T	C	4.992641	25.1
12	49445077	G	C	-0.056580	2.075
12	52082821	T	G	2.328162	18.35
12	52188156	A	G	3.526437	23.1
12	76740329	G	T	-2.092761	0.001
12	112888163	G	T	6.536498	31
12	116420410	T	G	5.068284	25.3
13	48986124	C	T	4.701550	24.6
13	100809551	G	A	6.670690	32
13	113773206	G	A	5.596815	26.5
14	21860919	G	T	13.116067	41
14	21876915	G	A	6.272062	29.0
14	74961032	G	A	7.184713	34
14	94844947	C	T	5.396431	26.0
14	94847262	T	A	4.999610	25.1
15	38643503	C	T	12.858377	40
15	44865850	G	A	13.797025	43
15	48779352	C	T	4.532255	24.3
15	57555447	A	C	4.372054	24.1
15	57565358	C	T	13.092159	41
15	65313871	G	A	5.724946	26.9
15	65319214	G	A	7.040864	33
15	72640388	C	T	6.270361	29.0
15	91358395	T	G	-1.131836	0.009
15	93499816	G	A	6.125540	28.3
16	3779434	T	C	2.532432	19.68
16	16284104	G	A	10.350606	36
16	16302586	T	C	-1.036056	0.013
16	55519220	A	T	5.387121	26.0
16	56370741	A	G	6.240871	28.9
16	78312531	G	T	-0.197690	1.110
16	89349828	G	T	8.776734	35
16	90001841	G	A	5.704354	26.8
17	2573541	GG	TC	7.098312	33
17	10442867	G	A	2.540059	19.72
17	29657415	A	G	3.989005	23.6
17	29663845	G	T	5.969171	27.7
17	38233123	G	A	4.742637	24.7
17	42992640	T	C	5.165242	25.5
17	70120425	T	C	3.042570	22.4
17	79479263	G	A	0.782101	9.353
18	21119823	TT	GA	2.024372	16.37
18	31323161	C	T	11.366191	37
18	42531907	G	A	6.078869	28.2
18	44113283	G	A	6.242526	28.9
18	44219648	T	A	11.394229	37
19	8601851	C	T	3.713686	23.3
19	12758295	C	T	2.495704	19.44
19	12768296	G	T	7.905851	35
19	13372340	C	T	7.084880	33
19	35524964	G	C	-1.536213	0.002
19	42856518	C	T	2.343852	18.45
19	42872643	GC	AG	3.555569	23.1
2	1497799	G	A	7.009446	33
2	26683071	C	T	6.556938	31
2	32476421	G	A	5.413374	26.0
2	50779769	T	C	4.268765	23.9
2	121748145	C	G	2.092924	16.81
2	149798131	A	G	6.287790	29.1
2	149837911	G	A	7.150206	34
2	166626706	G	A	11.179158	37
2	166848434	A	G	5.555690	26.4
2	166872155	G	A	4.297717	24.0
2	166900513	C	T	5.709190	26.8
2	179444429	G	A	22.161135	62
2	179529601	T	G	1.414477	12.86
2	179597615	G	A	13.232228	41
2	208988920	G	T	10.909308	37
2	219525915	C	T	7.131784	34
2	219526619	C	T	11.057244	37
2	220283222	C	T	4.908739	25.0
2	220422176	G	A	11.905210	38
2	228158021	CC	AG	2.511933	19.54
2	233348163	C	T	13.862650	43
20	61452884	T	C	3.049386	22.4
22	38379476	G	C	5.658066	26.7
3	11059028	G	A	7.134717	34
3	14199510	C	G	4.743094	24.7
3	48508395	G	A	6.054002	28.1
3	48610100	T	C	0.958319	10.42
3	98299553	G	A	7.613165	34
4	983240	A	C	3.705321	23.3
4	6302601	G	A	4.908936	25.0
4	6303713	A	G	-0.032748	2.283
4	9892311	G	A	7.182108	34
5	7883356	T	C	5.558347	26.4
5	7889262	C	A	4.960014	25.0
5	70936845	G	A	6.995270	33
5	73981357	G	C	4.827067	24.8
5	88100605	T	C	5.616767	26.6
6	4886896	C	T	-0.005019	2.538
6	52344557	C	T	10.564686	36
6	70991091	A	T	3.430810	23.0
6	123699045	T	C	4.832137	24.8
6	157100583	GA	AT	2.660913	20.6
6	157510915	G	C	5.200633	25.5
7	143018525	C	G	2.467515	19.26
7	143018813	GG	TC	6.626073	32
7	143047697	G	A	7.155611	34
7	143048771	C	T	10.137813	36
8	1857556	G	A	-1.130517	0.009
8	41792233	G	A	12.239063	39
8	61775198	T	G	6.611733	32
8	86377699	G	A	6.267665	29.0
8	97156888	T	C	1.320816	12.38
8	144898991	T	C	3.417808	23.0
8	145541756	A	G	3.325392	22.9
8	145741258	C	T	12.068674	38
9	2081914	C	T	6.597932	31
9	107584802	T	C	6.047161	28.0
9	130581941	T	C	2.819812	21.5
9	138671275	G	A	3.991340	23.6
9	139571122	C	T	14.044668	44
X	6069207	G	A	6.622757	32
X	19369397	A	G	4.502333	24.3
X	19371229	G	C	6.203487	28.7
X	22112100	G	C	3.393584	23.0
X	41204459	G	A	4.997978	25.1
X	53240002	G	A	6.177742	28.6
X	53441930	C	T	3.717966	23.3
X	53442088	A	C	4.387764	24.1
X	53442112	G	T	10.778990	36
X	53622288	C	T	7.005580	33
X	64743993	G	A	6.806716	32
X	71715029	T	C	6.209004	28.7
X	73963015	AC	CT	11.434600	37
X	76944336	G	A	6.534411	31
X	80001091	G	A	10.726534	36
X	122598755	A	T	3.848936	23.4
X	152989013	G	T	5.965589	27.7
X	153171295	G	T	5.029824	25.2
X	153297703	C	T	6.168946	28.5
X	153762634	G	A	4.427217	24.2
