id,gene,locus,chr,pos,ref,alt,CADD,Rec,Ess
1,ADAR,p.G1007R,chr1,154560601,C,T,7.466842999999999,0.236486733862361,1
1,APOB,p.G997fs,.,.,.,.,0.0,0.882739424904907,1
2*,ANKRD11,p.E800fs,.,.,.,.,0.0,0.107360998190337,1
2*,FLG,p.S761fs,.,.,.,.,0.0,-1.0,-1
3*,ANKRD11,p.K635fs,.,.,.,.,0.0,0.107360998190337,1
3*,ARID1B,p.L2234fs,.,.,.,.,0.0,0.126455109157384,-1
4,ARID1B,p.G6D,chr6,157100583,GA,AT,2.6609130000000003,0.126455109157384,-1
4,KMT2A,p.S774fs,.,.,.,.,0.0,-1.0,-1
5*,ASXL3,p.R1117*,chr18,31323161,C,T,11.366191,-1.0,-1
5*,ENG,c.1273-2A>G,chr9,130581941,T,C,2.8198119999999998,0.766452250339678,1
6,CACNA1A,p.V1393M,chr19,13372340,C,T,7.08488,0.559056807961552,1
6,SLC26A1,p.L496R,chr4,983240,A,C,3.705321,0.173316100257869,0
7*,CHD2,p.G646E,chr15,93499816,G,A,6.12554,0.103776731829212,1
7*,PRRT2,p.T108fs,.,.,.,.,0.0,0.0808226868893849,0
8,CHD8,p.S2173*,chr14,21860919,G,T,13.116067000000001,0.120314359519674,1
8,COL5A1,p.G1255fs,.,.,.,.,0.0,-1.0,1
9,COL4A1,p.K1185K,.,.,.,.,0.0,0.492459776754414,1
9,CRYGD,p.Y56*,chr2,208988920,G,T,10.909308,0.147209846651216,0
10*,CREBBP,p.M1872V,chr16,3779434,T,C,2.532432,0.550701348049982,1
10*,PRICKLE2,p.G127fs,.,.,.,.,0.0,0.134727766187217,0
11,DNM1,p.Q155_I156insM,.,.,.,.,0.0,0.679144634918662,1
11,PTEN,p.R335*,chr10,89720852,C,T,12.82818,0.94603256251457,1
12,FBN1,p.R1170H,chr15,48779352,C,T,4.532255,0.113767183058891,1
12,MYO1F,p.R594Q,chr19,8601851,C,T,3.713686,0.200792246705967,0
13*,FLG,p.S761fs,.,.,.,.,0.0,-1.0,-1
13*,MEF2C,p.K23R,chr5,88100605,T,C,5.616766999999999,0.0941238697702983,1
14,FLG,p.S761fs,.,.,.,.,0.0,-1.0,-1
14,PACS1,p.R203W,chr11,65978677,C,T,7.635711,0.114903316461902,-1
15,GDF6,p.K424R,chr8,97156888,T,C,1.320816,0.213878698171464,1
15,SOX10,p.R106G,chr22,38379476,G,C,5.658066000000001,0.450518506292035,1
16*,GLI2,p.S579fs,.,.,.,.,0.0,0.340981236940208,1
16*,IRF6,p.R412*,chr1,209961935,G,A,13.915652,0.413369371696369,1
17,GLI2,p.T1552S,chr2,121748145,C,G,2.092924,0.340981236940208,1
17,SCN2A,p.K743fs,.,.,.,.,0.0,0.34375771138443,-1
18,HBB,p.Q40*,chr11,5248004,G,A,10.775339,0.0820132277142268,-1
18,KANSL1,p.L329fs,.,.,.,.,0.0,-1.0,-1
19,PTPN11,p.G60V,chr12,112888163,G,T,6.536498,0.728908537778483,1
19,SHH,p.T429fs,.,.,.,.,0.0,0.89143096798933,1
20*,SCN1A,p.P1171L,chr2,166872155,G,A,4.297717,0.21408525707241,1
20*,SMARCA2,p.T756I,chr9,2081914,C,T,6.597932000000001,0.516365676569641,1
21,16p11.2,,.,.,.,.,0.0,-1.0,-1
21,KAT6A,p.R1169*,chr8,41792233,G,A,12.239063,-1.0,-1
22,NOTCH1,p.Y2216*,.,.,.,.,0.0,0.91608384585121,1
22,TTN,p.R4186*,chr2,179597615,G,A,13.232228,0.384182167951506,1
23,KCNQ2,p.E778fs,.,.,.,.,0.0,0.151287396199503,1
23,PRRT2,p.R217fs,.,.,.,.,0.0,0.0808226868893849,0
24,ANKRD11,p.S1041*,chr16,89349828,G,T,8.776734,0.107360998190337,1
24,SLC6A1,p.R44Q,chr3,11059028,G,A,7.134717,0.239842844796396,0
25,PTCH1,p.L39fs,.,.,.,.,0.0,0.786778182418034,1
25,TCF12,p.R626*,chr15,57565358,C,T,13.092158999999999,0.189740879880599,1
26,COL11A1,c.2754+5G>A,chr1,103444259,C,T,2.7740720000000003,0.346581137021451,1
26,KRIT1,p.R49fs,.,.,.,.,0.0,0.416284951965058,1
27,KCNQ2,p.L766fs,.,.,.,.,0.0,0.151287396199503,1
27,SCN8A,p.N1468S,chr12,52188156,A,G,3.526437,0.25451050661208,1
28,NF1,p.N1883S,chr17,29657415,A,G,3.989005,0.908456721160018,1
28,SOX9,p.M476T,chr17,70120425,T,C,3.04257,0.835765323026432,1
29,MYH2,p.A387V,chr17,10442867,G,A,2.540059,0.231155550740046,-1
29,SMC1A,p.S39*,chrX,53442112,G,T,10.77899,0.25081517219783,0
30,SCN1A,p.V1784A,chr2,166848434,A,G,5.55569,0.21408525707241,1
30,16p13.11,,.,.,.,.,0.0,-1.0,-1
31,CTNNB1,p.R95X,.,.,.,.,0.0,0.996300140049035,1
31,1q21.1q21.2,,.,.,.,.,0.0,-1.0,-1
32,SOX11,p.W429X,.,.,.,.,0.0,0.153950755464748,1
32,17q11.2,,.,.,.,.,0.0,-1.0,-1
33*,SETBP1,p.D868N,chr18,42531907,G,A,6.078869,0.299625069792424,-1
33*,CLCN1,p.R894*,chr7,143048771,C,T,10.137813000000001,-1.0,1
33*,CLCN1,p.A849T,chr7,143047697,G,A,7.155611,-1.0,1
34*,KCNT1,p.A934T,chr9,138671275,G,A,3.99134,0.105213689862354,0
34*,TTN,p.R19931*,chr2,179444429,G,A,22.161135,0.384182167951506,1
34*,TTN,p.K12032N,chr2,179529601,T,G,1.414477,0.384182167951506,1
35*,ABCC9,p.V1525fs,.,.,.,.,0.0,0.156859067174893,1
35*,RAPSN,p.G291D,chr11,47463203,C,T,6.8307080000000004,-1.0,1
35*,RAPSN,p.A153T,chr11,47469438,C,T,5.4082930000000005,-1.0,1
36,ACTG1,p.H40Y,chr17,79479263,G,A,0.782101,-1.0,1
36,WFS1,p.M731V,chr4,6303713,A,G,-0.032748,0.109795569095931,1
36,WFS1,p.C360Y,chr4,6302601,G,A,4.908936,0.109795569095931,1
37*,DES,p.S13F,chr2,220283222,C,T,4.908739,0.122023976453145,1
37*,CLCN1,p.F167L,chr7,143018525,C,G,2.467515,-1.0,1
37*,CLCN1,p.G190S,chr7,143018813,GG,TC,6.626073,-1.0,1
38,GATAD2B,p.Q232*,chr1,153790551,G,A,11.850572999999999,0.106517853031278,-1
38,WWOX,p.S411del,.,.,.,.,0.0,0.981777086491573,1
38,WWOX,p.C183F,chr16,78312531,G,T,-0.19769,0.981777086491573,1
39,GNAO1,p.Y231C,chr16,56370741,A,G,6.240871,0.178598969188943,1
39,ACADM,c.287-2A>G,chr1,76199211,A,G,5.072541,0.721744067466813,1
39,ACADM,p.K329E,chr1,76226846,A,G,2.975482,0.721744067466813,1
40,HBB,c.92+6T>C,chr11,5248154,A,G,0.77228,0.0820132277142268,-1
40,TJP2,p.S415fs,.,.,.,.,0.0,0.249919388212338,1
41*,KIF5C,p.Y135C,chr2,149798131,A,G,6.28779,-1.0,0
41*,NRXN1,p.D612G,chr2,50779769,T,C,4.268765,-1.0,0
42,KMT2D,p.L797V,chr12,49445077,G,C,-0.05658,-1.0,-1
42,HEXA,p.Y427fs,.,.,.,.,0.0,0.594936835851612,0
42,HEXA,c.1073+1G>A,chr15,72640388,C,T,6.270361,0.594936835851612,0
43*,NF1,p.R1970fs,.,.,.,.,0.0,0.908456721160018,1
43*,MEGF8,p.A2037S,chr19,42872643,GC,AG,3.555569,0.122440762919174,1
43*,MEGF8,p.P1020L,chr19,42856518,C,T,2.343852,0.122440762919174,1
44*,NF1,p.G2093C,chr17,29663845,G,T,5.969171,0.908456721160018,1
44*,GALNT3,p.R169*,chr2,166626706,G,A,11.179158000000001,-1.0,1
45,PUF60,c.1381-2A>G,chr8,144898991,T,C,3.417808,0.142298241732334,-1
45,LOXHD1,p.A1406V,chr18,44113283,G,A,6.242526,0.100354319423186,0
45,LOXHD1,p.K148*,chr18,44219648,T,A,11.394229,0.100354319423186,0
46,SCN8A,p.V216G,chr12,52082821,T,G,2.328162,0.25451050661208,1
46,MAN2B1,p.G928R,chr19,12758295,C,T,2.495704,0.224414886069809,0
46,MAN2B1,p.Y461*,chr19,12768296,G,T,7.905850999999999,0.224414886069809,0
47,SLC2A9,p.R380W,chr4,9892311,G,A,7.182108,-1.0,1
47,ETHE1,n/a,.,.,.,.,0.0,0.166056316847897,1
48,SPRED1,p.R325*,chr15,38643503,C,T,12.858377,0.092060264523631,0
48,MEGF10,p.W520fs,.,.,.,.,0.0,0.124113149399627,0
49*,SYNGAP1,p.R544*,chr6,4886896,C,T,-0.005019,0.115787218965148,1
49*,MTFMT,p.S125L,chr15,65319214,G,A,7.040864,0.120928413554748,1
49*,MTFMT,p.S209L,chr15,65313871,G,A,5.724946,0.120928413554748,1
50,TGFB2,p.R153H,chr1,218578622,G,A,7.222103999999999,0.875803524025226,1
50,TYR,p.A355V,chr11,88961018,C,T,5.689983,0.893151270609593,1
50,TYR,p.R77W,chr11,88911350,C,T,6.750037,0.893151270609593,1
51,GFAP,p.E72G,chr17,42992640,T,C,5.165242,0.955380830223795,0
51,MPZ,Deletionexons4-6,.,.,.,.,0.0,0.093090013215418,1
52,ARHGEF10,p.S688N,chr8,1857556,G,A,-1.130517,-1.0,-1
52,ECEL1,p.W490*,chr2,233348163,C,T,13.86265,0.204551750275816,1
53,FLG,p.A1427T,chr1,152283083,C,T,0.193503,-1.0,-1
53,TECPR2,p.L440fs,.,.,.,.,0.0,-1.0,-1
54,TUBB3,p.E328K,chr16,90001841,G,A,5.704354,0.700748292907248,1
54,ISCA2,p.G77S,chr14,74961032,G,A,7.184713,-1.0,-1
55,NLRC4,p.S171F,chr2,32476421,G,A,5.413374,0.320561604958662,0
55,SERPINA1,p.E288V,chr14,94847262,T,A,4.99961,0.79779301274905,-1
55,SERPINA1,p.E366K,chr14,94844947,C,T,5.396431,0.79779301274905,-1
56,CACNB4,p.Q204fs,.,.,.,.,0.0,0.139411923708681,1
56,TANGO2,Deletionexon3-9,.,.,.,.,0.0,-1.0,-1
57,CPOX,p.R447C,chr3,98299553,G,A,7.6131649999999995,0.141728574098806,0
57,ABCA1,p.N935D,chr9,107584802,T,C,6.047161,0.676028159265352,1
58,GLI2,p.T1088fs,.,.,.,.,0.0,0.340981236940208,1
58,BLM,p.S1380R,chr15,91358395,T,G,-1.131836,0.616823927249326,1
58,BLM,p.N515fs,.,.,.,.,0.0,0.616823927249326,1
59,CHD8,p.R812W,chr14,21876915,G,A,6.272062,0.120314359519674,1
59,BRWD3,p.R190*,chrX,80001091,G,A,10.726534,0.0990671444920074,0
60*,ARID1B,p.D1630fs,.,.,.,.,0.0,0.126455109157384,-1
60*,GRIA3,p.M706L,chrX,122598755,A,T,3.848936,0.175964310644643,0
61,ARID1B,c.3689+1G>C,chr6,157510915,G,C,5.200633,0.126455109157384,-1
61,G6PD,p.S188F,chrX,153762634,G,A,4.427217,0.9895163408215,-1
62,CHD7,p.I2688R,chr8,61775198,T,G,6.611733,0.139651063355627,1
62,DMD,p.R1884fs,.,.,.,.,0.0,0.763704939000293,1
63,COL9A3,c.369+2T>C,chr20,61452884,T,C,3.049386,-1.0,-1
63,PLP1,p.M1?,.,.,.,.,0.0,0.368442509226658,1
64,DNM1L,p.E379K,chr12,32884003,G,A,3.568276,0.249744491159332,1
64,PDHA1,p.G150R,chrX,19371229,G,C,6.203487,0.559509183537796,1
65*,EFHC1,p.R538*,chr6,52344557,C,T,10.564686,0.154629300845725,0
65*,SMC1A,p.G100R,chrX,53441930,C,T,3.7179660000000005,0.25081517219783,0
66,GLI2,p.Q297fs,.,.,.,.,0.0,0.340981236940208,1
66,KDM5C,p.P480L,chrX,53240002,G,A,6.177741999999999,-1.0,1
67,GLI3,p.D751fs,.,.,.,.,0.0,0.107084128072414,1
67,LAS1L,p.R415W,chrX,64743993,G,A,6.806716000000001,0.0807056659435727,-1
68,GRIN2B,p.W607C,chr12,13761726,C,G,6.162694999999999,0.477513192597496,1
68,SHOXY,c.544+1G>A,chrY,551614,G,A,0.0,-1.0,-1
69,PAFAH1B1,p.G162S,chr17,2573541,GG,TC,7.098312,0.505777485988214,1
69,FGD1,p.P176fs,.,.,.,.,0.0,0.287135043424934,-1
70,SCN1A,p.S570N,chr2,166900513,C,T,5.70919,0.21408525707241,1
70,PDHA1,c.292-2A>G,chrX,19369397,A,G,4.502333,0.559509183537796,1
71,KIF5C,p.E237K,chr2,149837911,G,A,7.150206,-1.0,0
71,DMD,Deletionexon49,.,.,.,.,0.0,0.763704939000293,1
72,MED13L,c.4956-2A>C,chr12,116420410,T,G,5.068283999999999,0.11567649853087,-1
72,HUWE1,p.R1080H,chrX,53622288,C,T,7.00558,0.351052812346565,1
73,COL7A1,c.6900+4A>G,chr3,48610100,T,C,0.958319,0.252739346504155,1
73,DDX3X,p.R351Q,chrX,41204459,G,A,4.997978,0.338172504515733,1
74,COL9A1,c.876+2T>A,chr6,70991091,A,T,3.4308099999999997,0.175353800974806,0
74,ATRX,p.P190L,chrX,76944336,G,A,6.534411,0.563162384104817,1
75,AGL,p.W1451C,chr1,100382159,G,T,7.095051,0.247926147987265,1
75,PCCA,p.G142D,chr13,100809551,G,A,6.67069,0.427412069641912,1
76,HEXB,p.C91S,chr5,73981357,G,C,4.8270669999999996,0.080465774436701,1
76,MCCC2,p.V339M,chr5,70936845,G,A,6.99527,0.180354020065052,-1
77,MTPAP,p.V490L,chr10,30602819,C,G,6.351519000000001,0.0733949119637263,-1
77,NPC1,p.L280fs,.,.,.,.,0.0,0.229770801829838,1
77,NPC1,p.N916S,chr18,21119823,TT,GA,2.024372,0.229770801829838,1
78*,RECQL4,p.W383*,chr8,145741258,C,T,12.068674,0.172269382040939,1
78*,XPC,c.1872+1G>C,chr3,14199510,C,G,4.743094,0.484082390728647,0
79,TPO,p.R665Q,chr2,1497799,G,A,7.0094460000000005,0.481627030852434,1
79,MMP2,p.D180V,chr16,55519220,A,T,5.387121,0.96194561334805,0
80,AGL,c.3836+1G>A,chr1,100376404,G,A,5.778517,0.247926147987265,1
80,LPAR6,p.G146R,chr13,48986124,C,T,4.70155,-1.0,0
81*,PAPSS2,p.R329*,chr10,89487160,C,T,9.5087,0.168107056525974,1
81*,TRDN,c.1187-2A>G,chr6,123699045,T,C,4.832137,0.159146208774128,0
82,OTOF,p.R1172Q,chr2,26683071,C,T,6.556938000000001,-1.0,0
82,SLC12A,p.S25fs,.,.,.,.,0.0,-1.0,-1
83,AGPAT2,c.492+4_492+7delAGTG,chr9,139571406,CACT,-,0.0,0.160154929484819,1
83,AGPAT2,p.W168*,chr9,139571122,C,T,14.044668,0.160154929484819,1
83,OBSL1,p.V825fs,.,.,.,.,0.0,-1.0,-1
83,OBSL1,p.Q1319*,chr2,220422176,G,A,11.90521,-1.0,-1
84*,BBS10,p.V230fs,.,.,.,.,0.0,0.148990967502961,1
84*,BBS10,p.A479E,chr12,76740329,G,T,-2.092761,0.148990967502961,1
84*,PDHA1,p.R343fs,.,.,.,.,0.0,0.559509183537796,1
85,F7,p.A429T,chr13,113773206,G,A,5.596815,0.268198354914458,1
85,MECP2,p.R111K,chrX,153297703,C,T,6.168946,0.694289378627023,1
86,FANCG,p.Y213fs,.,.,.,.,0.0,0.406081087843384,1
86,G6PD,p.S188F,chrX,153762634,G,A,4.427217,0.9895163408215,-1
87,TCF12,p.K574Q,chr15,57555447,A,C,4.372054,0.189740879880599,1
87,SLC35A2,p.Q206fs,.,.,.,.,0.0,0.422203745599903,-1
88*,TREX1,p.A123dup,.,.,.,.,0.0,0.205257776155097,1
88*,TREX1,p.R114H,chr3,48508395,G,A,6.054002,0.205257776155097,1
88*,PHEX,c.733-1G>C,chrX,22112100,G,C,3.3935839999999997,0.616238810155132,0
89,PLA2G6,Deletionexon2,.,.,.,.,0.0,0.176428492343386,1
89,BCAP31,p.S36*,chrX,152989013,G,T,5.965589,0.169184751691345,-1
90*,CFTR,p.F508del,.,.,.,.,0.0,0.876812975525662,1
90*,SMC1A,p.F47C,chrX,53442088,A,C,4.387764,0.25081517219783,0
91,SLC45A2,p.Y55fs,.,.,.,.,0.0,0.585492365158383,1
91,AVPR2,p.C112F,chrX,153171295,G,T,5.029824,0.588938655680361,1
92,ALG6,p.V330F,chr1,63885041,G,T,3.749683,0.175675459434195,-1
92,ALG6,c.257+5G>A,chr1,63868019,G,A,2.4392,0.175675459434195,-1
92,SHOX,p.R173C,chrY,551586,C,T,0.0,-1.0,-1
93,IRX5,p.S81del,.,.,.,.,0.0,0.130394867531213,0
93,IRX5,p.K455fs,.,.,.,.,0.0,0.130394867531213,0
93,HDAC8,p.D176G,chrX,71715029,T,C,6.209004,0.125641466085508,1
94,BCS1L,p.R69C,chr2,219525915,C,T,7.131784,0.6537064325026,1
94,BCS1L,p.R200*,chr2,219526619,C,T,11.057244,0.6537064325026,1
94,NLGN4X,p.R101*,chrX,6069207,G,A,6.622757000000001,0.226781119210386,-1
95,KIAA2022,p.G1417fs,.,.,.,.,0.0,0.0963829020554454,-1
95,PHF8,p.L126fs,.,.,.,.,0.0,0.10114857503729,-1
96,SMC1,p.R196,.,.,.,.,0.0,-1.0,-1
96,DM,Deletionexons49-51,.,.,.,.,0.0,-1.0,-1
97,KIAA2022,p.C459*,chrX,73963015,AC,CT,11.4346,0.0963829020554454,-1
97,Xp22.31,n/a,.,.,.,.,0.0,-1.0,-1
98*,KMT2A,p.P1247fs,.,.,.,.,0.0,-1.0,-1
98*,MYF6,p.L197fs,.,.,.,.,0.0,0.281046212402045,1
98*,Xp22.3,n/a,.,.,.,.,0.0,-1.0,-1
99*,ABCC6,p.R265G,chr16,16302586,T,C,-1.0360559999999999,-1.0,0
99*,ABCC6,p.R518*,chr16,16284104,G,A,10.350605999999999,-1.0,0
99*,MTRR,p.L401I,chr5,7889262,C,A,4.960014,0.305116838783958,0
99*,MTRR,p.I290T,chr5,7883356,T,C,5.558347,0.305116838783958,0
99*,YARS2,p.D121fs,.,.,.,.,0.0,0.285169400753075,-1
99*,YARS2,p.I251V,chr12,32908058,T,C,4.992641000000001,0.285169400753075,-1
100,CA2,c.232+1G>A,chr8,86377699,G,A,6.267665,0.37216216075336,-1
100,MCCC2,p.V339M,chr5,70936845,G,A,6.99527,0.180354020065052,-1
100,SPG11,p.R2034*,chr15,44865850,G,A,13.797025,0.112804616855728,-1
101*,COL4A3,p.P1109S,chr2,228158021,CC,AG,2.511933,0.33981693607581,1
101*,SCN1B,p.G257R,chr19,35524964,G,C,-1.5362129999999998,0.158234600045668,1
101*,THRA,c.54-1G>A,chr17,38233123,G,A,4.742637,0.593564016363803,1
101*,DGAT,c.751+2T>C,chr8,145541756,A,G,3.325392,-1.0,-1
