DidaID,CADD1,CADD2,RecA,EssA,CADD3,CADD4,RecB,EssB,Path,DE,Pair
dd001,14.454180000000001,28.652,0.3367,0.0,19.28,0.0,0.2975,1.0,1,CO,KCNQ1/KCNH2
dd002,17.51,17.51,0.16399999999999998,1.0,3.2443799999999996,0.0,0.5056,1.0,1,TD,GJB2/GJB3
dd003,9.443499999999998,9.443499999999998,0.16399999999999998,1.0,18.177,0.0,0.5056,1.0,1,TD,GJB2/GJB3
dd004,20.825,20.825,0.16399999999999998,1.0,19.182,0.0,0.5056,1.0,1,TD,GJB3/GJB2
dd005,13.1665,27.2,0.1996,1.0,32.4,0.0,0.4388,0.0,0,TD,SLC26A4/FOXI1
dd006,3.2791460000000003,3.2791460000000003,0.1804,0.0,16.880000000000003,0.0,0.203,0.0,0,CO,CDH23/ATP2B2
dd007,28.652,28.652,0.1784,0.0,9.279,0.0,0.203,0.0,0,TD,PCDH15/CDH23
dd008,13.1665,13.1665,0.1784,0.0,4.159319999999999,0.0,0.203,0.0,0,TD,PCDH15/CDH23
dd009,15.975,15.975,0.1784,0.0,13.8527,0.0,0.203,0.0,0,CO,PCDH15/CDH23
dd010,15.021,0.0,0.0929,1.0,14.672,0.0,0.1062,1.0,0,TD,NEK1/DYNC2H1
dd011,24.48,0.0,0.2665,1.0,14.672,0.0,0.535,1.0,1,CO,NPHS1/NPHS2
dd012,10.6018,0.0,0.21,0.292,16.121100000000002,0.0,0.13,1.0,0,UK,KAL1/PROKR2
dd013,18.990000000000002,0.0,0.23800000000000002,0.0,14.672,0.0,0.7859999999999999,1.0,0,CO,FGFR1/NSMF
dd014,10.7236,26.6,0.24,0.0,3.481799999999999,0.0,0.79,1.0,0,UK,FGFR1/GNRHR
dd015,12.9639,0.0,0.21,0.292,16.121100000000002,0.0,0.13,1.0,0,UK,KAL1/PROKR2
dd016,18.772,0.0,0.24,0.292,10.570200000000002,0.0,0.21,0.292,0,UK,KAL1/NSMF
dd017,0.40052000000000004,0.0,0.24,0.292,33.54,0.0,0.14,0.0,0,UK,NSMF/TACR3
dd018,31.5,0.0,0.7859999999999999,1.0,10.540000000000003,0.0,0.1337,1.0,0,CO,PROKR2/FGFR1
dd019,10.7448,0.0,0.1057,0.0,20.418,0.0,0.2499,1.0,0,CO,TJP2/BAAT
dd020,10.6324,0.0,0.1057,0.0,4.829999999999999,0.0,0.2499,1.0,0,CO,TJP2/BAAT
dd021,10.6018,0.0,0.1289,0.0,16.121100000000002,0.0,0.0899,0.0,0,TD,OTUD4/RNF216
dd022,17.081999999999997,17.081999999999997,0.7293,1.0,10.303999999999998,0.0,0.6812,1.0,0,TD,EDNRB/RET
dd023,25.571,0.0,0.5406,0.0,13.180900000000001,0.0,0.1762,0.0,1,TD,PARK7/PINK1
dd024,18.772,0.0,0.4784,0.0,10.570200000000002,0.0,0.1762,0.0,1,CO,PARK2/PINK1
dd026,12.9639,0.0,0.4104,0.0,16.121100000000002,0.0,0.6197,0.0,0,CO,CYP1B1/MYOC
dd027,10.7236,26.6,0.4104,0.0,3.481799999999999,0.0,0.6197,0.0,0,TD,CYP1B1/MYOC
dd028,21.46,0.0,0.42,1.0,3.2449999999999997,0.0,0.89,1.0,1,UK,MITF/TYR
dd029,10.4632,0.0,0.8931,1.0,15.144,0.0,0.3662,1.0,0,CO,TYR/OCA2
dd030,15.964500000000001,15.964500000000001,0.8931,1.0,26.754,26.754,0.3662,1.0,0,CO,TYR/OCA2
dd031,29.52,31.68,0.28,1.0,23.449999999999996,0.0,0.33,1.0,1,UK,COL17A1/LAMB3
dd032,2.3371200000000005,0.0,0.3515,1.0,1.9465599999999994,0.0,0.4172,0.0,1,CO,FGG/FGA
dd033,1.3409,0.0,0.4323,0.0,27.060000000000002,0.0,0.2732,0.0,1,CO,SLC3A1/SLC7A9
dd034,0.40052000000000004,0.0,0.4323,0.0,33.54,0.0,0.2732,0.0,1,CO,SLC3A1/SLC7A9
dd035,6.509999999999999,0.0,0.4323,0.0,16.121100000000002,0.0,0.2732,0.0,1,CO,SLC3A1/SLC7A9
dd036,15.4504,0.0,0.4323,0.0,24.0,24.0,0.2732,0.0,1,CO,SLC3A1/SLC7A9
dd037,15.4504,15.4504,0.2097,0.0,24.0,0.0,0.1039,1.0,1,CO,FZD4/LRP5
dd038,17.68,17.68,0.5373,0.0,0.8610000000000001,0.0,0.9859,0.0,1,CO,EMD/LMNA
dd039,12.154000000000002,0.0,0.5373,0.0,9.462,0.0,0.9859,0.0,1,CO,EMD/LMNA
dd040,29.52,31.68,0.1631,0.0,23.449999999999996,0.0,0.0922,1.0,0,CO,GDAP1/MFN2
dd041,0.4425299999999999,0.0,0.5592,0.0,5.71284,5.71284,0.1417,0.0,1,CO,CPOX/ALAD
dd042,12.333499999999999,0.0,0.15,0.292,22.439999999999998,0.0,0.34,1.0,0,UK,C10orf2/POLG
dd043,18.330000000000002,0.0,0.214,1.0,10.9388,0.0,0.3437,1.0,1,CO,SCN1A/SCN2A
dd045,25.198,0.0,0.14,1.0,30.914,0.0,0.24600000000000002,0.0,0,UK,ABCC6/GGCX
dd046,11.514000000000001,0.0,0.6346,1.0,17.155,17.155,0.299,1.0,0,CO,PITX2/FOXC1
dd047,11.514000000000001,0.0,0.5949,1.0,14.892,17.155,0.2499,1.0,1,CO,KRT14/KRT5
dd048,31.5,38.7,0.1114,0.0,9.8272,0.0,0.2578,1.0,0,CO,SCN5A/KCNE2
dd049,10.332,0.0,0.2097,0.0,15.2308,0.0,0.2499,1.0,0,CO,F5/FZD4
dd050,5.694700000000001,0.0,0.6912,1.0,10.6106,0.0,0.2286,1.0,1,CO,HMBS/UROD
dd051,5.819,0.0,0.5419,0.0,4.641300000000001,0.0,0.7304,0.0,0,TD,HFE/HAMP
dd052,27.59,0.0,0.5419,0.0,15.17,0.0,0.7304,0.0,0,CO,HFE/HAMP
dd053,7.926099999999999,0.0,0.33,0.0,16.301999999999996,0.0,0.34,0.0,1,UK,KCNE1/KCNQ1
dd054,7.926099999999999,0.0,0.3326,0.0,16.301999999999996,0.0,0.3367,0.0,0,CO,KCNQ1/KCNE1
dd055,6.697989999999999,0.0,0.33,0.0,13.087799999999998,0.0,0.34,0.0,1,UK,KCNE1/KCNQ1
dd056,6.403199999999999,0.0,0.3326,0.0,4.641300000000001,4.641300000000001,0.3367,0.0,0,CO,KCNQ1/KCNE1
dd058,6.697989999999999,0.0,0.3326,0.0,19.601999999999997,0.0,0.2975,1.0,0,CO,KCNH2/KCNE1
dd059,6.697989999999999,0.0,0.3326,0.0,13.087799999999998,0.0,0.2975,1.0,0,CO,KCNH2/KCNE1
dd060,14.454180000000001,0.0,0.3326,0.0,29.7,0.0,0.2975,1.0,0,CO,KCNH2/KCNE1
dd061,6.697989999999999,0.0,0.33,0.0,28.0,0.0,0.3,1.0,1,UK,KCNE1/KCNH2
dd062,26.39,0.0,0.3326,0.0,26.240000000000002,26.240000000000002,0.2975,1.0,0,CO,KCNH2/KCNE1
dd063,6.697989999999999,0.0,0.33,0.0,13.614999999999998,0.0,0.3,1.0,1,UK,KCNE1/KCNH2
dd064,22.590000000000003,22.590000000000003,0.3326,0.0,22.11,22.11,0.2975,1.0,0,CO,KCNH2/KCNE1
dd065,17.017999999999997,0.0,0.33,0.0,18.426,0.0,0.26,1.0,0,UK,KCNE1/SCN5A
dd066,37.800000000000004,34.2,0.3326,0.0,26.909999999999997,0.0,0.2578,1.0,0,CO,SCN5A/KCNE1
dd067,19.601999999999997,0.0,0.34,0.0,25.9,0.0,0.3,1.0,1,UK,KCNH2/KCNQ1
dd068,16.103999999999996,0.0,0.34,0.0,10.073,0.0,0.3,1.0,1,UK,KCNH2/KCNQ1
dd069,16.872,0.0,0.26,1.0,13.174,0.0,0.3,1.0,0,UK,KCNH2/SCN5A
dd070,7.237999999999999,0.0,0.56,0.0,9.239999999999998,0.0,0.3,1.0,0,UK,CAV3/KCNH2
dd071,0.0,0.0,0.1,0.0,11.716199999999999,11.716199999999999,0.31,1.0,1,UK,BBS2/MKKS
dd072,19.08,34.2,0.1,0.0,14.972999999999999,0.0,0.31,1.0,1,UK,BBS2/MKKS
dd073,37.800000000000004,37.800000000000004,0.1,0.0,19.182,0.0,0.31,1.0,1,UK,BBS2/MKKS
dd074,13.1665,7.97725,0.0954,0.0,19.182,0.0,0.3057,1.0,0,TD,BBS2/MKKS
dd075,14.392199999999999,14.392199999999999,0.0954,0.0,6.417259999999999,0.0,0.3277,1.0,0,TD,BBS4/BBS2
dd076,26.39,0.0,0.24600000000000002,1.0,26.240000000000002,26.240000000000002,0.18,0.292,1,UK,BBS1/BBS7
dd077,14.454180000000001,0.0,0.24600000000000002,1.0,29.7,0.0,0.1,0.0,1,UK,BBS1/BBS2
dd078,27.144,14.454180000000001,0.24600000000000002,1.0,4.5333,0.0,0.31,1.0,1,UK,BBS1/MKKS
dd079,14.454180000000001,28.652,0.24600000000000002,1.0,8.059199999999999,0.0,0.31,1.0,1,UK,BBS1/MKKS
dd080,14.454180000000001,14.454180000000001,0.24600000000000002,1.0,24.03,0.0,0.1,0.0,1,UK,BBS1/BBS2
dd081,14.454180000000001,14.454180000000001,0.24600000000000002,1.0,10.941099999999997,0.0,0.33,1.0,1,UK,BBS1/BBS4
dd082,13.826,0.0,0.0954,0.0,7.18028,0.0,0.3277,1.0,0,TD,BBS4/BBS2
dd083,14.454180000000001,0.0,0.0954,0.0,34.03,9.047,0.3277,1.0,0,TD,BBS4/BBS2
dd084,16.985,16.985,0.2499,1.0,11.704,0.0,0.1834,0.0,0,CO,BBS1/CCDC28B
dd085,0.01275,0.0,0.2499,1.0,22.68,25.11,0.1834,0.0,0,CO,BBS1/CCDC28B
dd086,26.240000000000002,26.240000000000002,0.1794,0.0,8.648000000000001,0.0,0.3277,1.0,0,CO,BBS7/BBS4
dd087,7.61944,0.0,0.18,0.292,22.68,25.11,0.1,0.0,1,UK,BBS2/BBS7
dd088,10.692,10.692,0.12,0.292,17.457,0.0,0.31,0.0,1,UK,CEP290/CEP41
dd089,22.386,0.0,0.22,0.292,12.2485,16.668499999999998,0.15,0.292,1,UK,BBS10/BBS5
dd090,13.1665,14.1015,0.15,0.292,19.182,0.0,0.31,1.0,1,UK,BBS10/MKKS
dd091,0.0,17.085,0.15,0.292,18.177,0.0,0.17,0.292,1,UK,BBS10/BBS12
dd092,0.0,17.085,0.15,0.292,0.41085,0.0,0.17,0.292,1,UK,BBS10/BBS12
dd093,13.1665,7.97725,0.15,0.292,19.182,0.0,0.31,1.0,1,UK,BBS10/MKKS
dd094,14.392199999999999,14.392199999999999,0.17,0.292,6.417259999999999,0.0,0.33,1.0,1,UK,BBS12/BBS4
dd095,21.9414,14.454180000000001,0.24600000000000002,1.0,8.42605,0.0,0.15,0.292,1,UK,BBS1/BBS10
dd096,19.9056,19.9056,0.24600000000000002,1.0,0.03484999999999999,0.0,0.15,0.292,1,UK,BBS1/BBS10
dd097,34.2,0.0,0.1,0.0,19.182,0.0,0.31,1.0,1,UK,BBS2/MKKS
dd098,34.2,31.5,0.1,0.0,19.182,0.0,0.31,1.0,1,UK,BBS2/MKKS
dd099,0.015300000000000001,0.0,0.15,0.292,31.5,31.5,0.1,0.0,1,UK,BBS10/BBS2
dd100,31.5,38.7,0.1,0.0,9.8272,0.0,0.17,0.292,1,UK,BBS12/BBS2
dd101,15.975,15.975,0.1,0.0,13.8527,0.0,0.17,0.292,1,UK,BBS12/BBS2
dd102,13.1665,13.1665,0.15,0.292,4.159319999999999,0.0,0.31,1.0,1,UK,BBS10/MKKS
dd103,13.1665,27.2,0.15,0.292,32.4,0.0,0.1,0.0,1,UK,BBS10/BBS2
dd104,20.825,20.825,0.15,0.292,19.182,0.0,0.31,1.0,1,UK,BBS10/MKKS
dd105,28.652,28.652,0.24600000000000002,1.0,9.279,0.0,0.1,0.0,1,UK,BBS1/BBS2
dd106,3.2791460000000003,3.2791460000000003,0.24600000000000002,1.0,16.880000000000003,0.0,0.2,1.0,1,UK,BBS1/TTC8
dd107,14.454180000000001,28.652,0.24600000000000002,1.0,19.28,0.0,0.2,0.292,1,UK,BBS1/BBS9
dd108,9.443499999999998,9.443499999999998,0.15,0.292,18.177,0.0,0.17,0.292,1,UK,BBS10/BBS12
dd109,17.51,17.51,0.15,0.292,3.2443799999999996,0.0,0.31,1.0,1,UK,BBS10/MKKS
dd110,0.01275,0.0,0.15,0.292,22.68,25.11,0.1,0.0,1,UK,BBS10/BBS2
dd111,16.985,16.985,0.21,0.0,11.704,0.0,0.2,1.0,1,UK,ARL6/TTC8
dd112,26.240000000000002,26.240000000000002,0.18,0.292,8.648000000000001,0.0,0.2,1.0,1,UK,BBS7/TTC8
dd113,14.454180000000001,0.0,0.24600000000000002,1.0,34.03,9.047,0.17,0.292,1,UK,BBS1/BBS12
dd114,6.697989999999999,0.0,0.379,0.0,13.614999999999998,0.0,0.2665,1.0,1,TD,NPHS2/CD2AP
dd115,6.697989999999999,0.0,0.2665,1.0,13.972,0.0,0.535,1.0,1,TD,NPHS1/NPHS2
dd116,6.697989999999999,0.0,0.8746,1.0,28.0,0.0,0.535,1.0,0,TD,WT1/NPHS1
dd117,6.697989999999999,6.697989999999999,0.8931,1.0,17.5,0.0,0.5854,0.0,0,TD,TYR/SLC45A2
dd118,6.697989999999999,0.0,0.8931,1.0,17.009999999999998,0.0,0.5854,0.0,0,TD,TYR/SLC45A2
dd119,12.1672,0.0,0.3662,1.0,11.333,0.0,0.5854,0.0,0,TD,OCA2/SLC45A2
dd120,25.198,0.0,0.8931,1.0,30.914,0.0,0.5854,0.0,0,TD,TYR/SLC45A2
dd121,8.177,0.0,0.8931,1.0,14.35,0.0,0.3662,1.0,0,TD,TYR/OCA2
dd122,4.619000000000001,0.0,0.69,0.0,7.9355,4.317620000000001,0.41,0.0,0,UK,IL10RA/NOD2
dd123,22.831,0.0,0.1027,0.0,7.200599999999999,0.0,0.6866,1.0,1,TD,LMBRD1/MTR
dd124,10.12,0.0,0.3388,0.0,26.66,0.0,0.1784,0.0,0,TD,MYO7A/PCDH15
dd125,12.333499999999999,0.0,0.0994,1.0,22.439999999999998,0.0,0.2029,0.0,0,CO,EDA/WNT10A
dd126,16.0944,0.0,0.0994,1.0,33.67,0.0,0.2029,0.0,0,CO,EDA/WNT10A
dd127,24.48,0.0,0.1,1.0,14.672,0.0,0.2,0.292,0,UK,EDA/WNT10A
dd128,16.099999999999998,0.0,0.0994,1.0,0.04455000000000004,0.0,0.2029,0.0,0,CO,EDA/WNT10A
dd129,13.959,0.0,0.1,1.0,27.200000000000003,0.0,0.2,0.292,0,UK,EDA/WNT10A
dd130,29.7,0.0,0.1,1.0,14.672,0.0,0.2,0.292,0,UK,EDA/WNT10A
dd131,15.33,0.0,0.27,1.0,8.4824,8.4824,0.54,1.0,1,UK,NPHS1/NPHS2
dd132,25.55,25.55,0.27,1.0,5.3774,0.0,0.54,1.0,1,UK,NPHS1/NPHS2
dd133,17.081999999999997,17.081999999999997,0.27,1.0,1.9890399999999997,1.9890399999999997,0.54,1.0,1,UK,NPHS1/NPHS2
dd134,21.46,0.0,0.1804,0.0,3.2449999999999997,0.0,0.3194,0.0,0,CO,ATP2B2/MYO6
dd135,34.8,0.0,0.13,0.292,29.7,0.0,0.1,0.292,0,UK,CPT2/PYGM
dd136,1.7071999999999998,3.2449999999999997,0.2064,0.0,20.16,0.0,0.1337,1.0,0,CO,PROKR2/KAL1
dd137,18.17,0.0,0.21,0.292,3.945899999999999,0.0,0.79,1.0,1,UK,FGFR1/KAL1
dd138,12.7832,10.7236,0.24,0.0,2.7971999999999997,0.0,0.79,1.0,0,UK,FGFR1/GNRHR
dd139,8.9428,0.0,0.21,0.292,12.728100000000001,0.0,0.13,1.0,0,UK,KAL1/PROKR2
dd140,0.20328,0.0,0.16,1.0,6.509999999999999,0.0,0.79,1.0,0,UK,FGFR1/KISS1R
dd141,4.3947199999999995,0.0,0.12,0.0,15.294599999999999,0.0,0.13,1.0,1,UK,PROK2/PROKR2
dd142,8.9428,0.0,0.21,0.292,4.262999999999999,0.0,0.79,1.0,1,UK,FGFR1/KAL1
dd143,6.58307,0.0,0.21,0.292,37.839999999999996,0.0,0.14,1.0,0,UK,CHD7/KAL1
dd144,0.0088,0.0,0.3367,0.0,8.5736,0.0,0.2578,1.0,0,CO,SCN5A/KCNQ1
dd145,13.743200000000002,0.0,0.375,1.0,17.52,17.52,0.4388,0.0,0,TD,SLC26A4/KCNJ10
dd146,10.4632,0.0,0.375,1.0,28.8,0.0,0.4388,0.0,0,TD,SLC26A4/KCNJ10
dd147,21.156000000000002,0.0,0.3367,0.0,18.240000000000002,0.0,0.2578,1.0,0,CO,SCN5A/KCNQ1
dd148,14.849999999999998,0.0,0.7138,1.0,12.81,0.0,0.6812,1.0,0,TD,GDNF/RET
dd152,4.619000000000001,0.0,0.1631,0.0,7.9355,4.317620000000001,0.0922,1.0,0,CO,GDAP1/MFN2
dd153,4.18,0.0,0.3388,0.0,17.136,0.0,0.203,0.0,0,TD,MYO7A/CDH23
dd154,3.2449999999999997,0.0,0.163,0.0,12.218000000000002,0.0,0.203,0.0,0,TD,USH1C/CDH23
dd155,4.23423,0.0,0.3388,0.0,10.947000000000001,10.947000000000001,0.1702,0.0,0,TD,MYO7A/GPR98
dd156,4.619999999999999,0.0,0.1648,0.0,10.947000000000001,0.0,0.1702,0.0,0,TD,GPR98/DFNB31
dd157,3.7399999999999993,0.0,0.3388,0.0,8.064700000000002,0.0,0.2499,0.0,0,TD,MYO7A/USH2A
dd158,2.1229,0.0,0.5373,0.0,7.0241999999999996,0.0,0.9859,0.0,1,CO,EMD/LMNA
dd159,17.081999999999997,11.446399999999999,0.5373,0.0,2.2149,0.0,0.9859,0.0,1,CO,EMD/LMNA
dd160,34.2,0.0,0.5373,0.0,19.182,0.0,0.9859,0.0,1,CO,EMD/LMNA
dd161,34.2,31.5,0.1103,0.0,19.182,0.0,0.2499,0.0,0,CO,USH2A/PDZD7
dd162,21.9414,14.454180000000001,0.1103,0.0,8.42605,0.0,0.2499,0.0,0,TD,USH2A/PDZD7
dd163,19.9056,19.9056,0.1103,0.0,0.03484999999999999,0.0,0.1702,0.0,0,TD,PDZD7/GPR98
dd164,0.015300000000000001,0.0,0.7859999999999999,1.0,31.5,31.5,0.1239,0.0,0,TD,IL17RD/FGFR1
dd165,9.7776,0.0,0.16,1.0,13.508,0.0,0.12,0.0,0,UK,IL17RD/KISS1R
dd166,5.711999999999999,0.0,0.79,1.0,17.325,0.0,0.37,1.0,1,UK,DUSP6/FGFR1
dd167,20.468,0.0,0.14,1.0,1.29528,0.0,0.37,1.0,0,UK,DUSP6/SPRY4
dd168,20.468,0.0,0.14,1.0,9.261,0.0,0.37,1.0,0,UK,DUSP6/SPRY4
dd169,20.468,0.0,0.14,1.0,5.711999999999999,0.0,0.79,1.0,0,UK,FGFR1/SPRY4
dd170,7.559999999999999,0.0,0.79,1.0,13.0592,0.0,0.12,1.0,1,UK,FGFR1/FLRT3
dd171,9.5193,9.5193,0.37,1.0,13.395999999999999,13.395999999999999,0.32,0.292,0,UK,ITGA7/MYH7B
dd172,20.664,15.8588,0.9378,1.0,15.275999999999998,0.0,0.2499,1.0,1,CO,HNF1A/HNF4A
dd173,14.454180000000001,28.652,0.5737,0.0,3.6941,0.0,0.1601,0.0,0,TD,PRF1/UNC13D
dd174,10.692,10.692,0.5737,0.0,17.457,0.0,0.1601,0.0,0,TD,PRF1/UNC13D
dd175,7.61944,0.0,0.5737,0.0,22.68,25.11,0.1601,0.0,0,TD,PRF1/UNC13D
dd176,13.1665,14.1015,0.5737,0.0,19.182,0.0,0.1601,0.0,0,TD,PRF1/UNC13D
dd177,22.386,0.0,0.5737,0.0,12.2485,16.668499999999998,0.1601,0.0,0,TD,PRF1/UNC13D
dd178,0.0,17.085,0.5737,0.0,0.41085,0.0,0.1601,0.0,0,TD,PRF1/UNC13D
dd179,0.0,17.085,0.5737,0.0,18.177,0.0,0.1601,0.0,0,TD,PRF1/UNC13D
dd180,36.9,0.0,0.5737,0.0,10.492199999999999,0.0,0.1601,0.0,0,TD,PRF1/UNC13D
dd181,16.182000000000002,0.0,0.5737,0.0,10.492199999999999,0.0,0.1601,0.0,0,TD,PRF1/UNC13D
dd182,17.9452,14.454180000000001,0.5737,0.0,3.6941,0.0,0.1601,0.0,0,TD,PRF1/UNC13D
dd184,14.454180000000001,28.652,0.5737,0.0,8.059199999999999,0.0,0.1601,0.0,0,TD,PRF1/UNC13D
dd185,14.454180000000001,14.454180000000001,0.5737,0.0,24.03,0.0,0.1601,0.0,0,TD,PRF1/UNC13D
dd187,14.454180000000001,14.454180000000001,0.5737,0.0,10.941099999999997,0.0,0.1601,0.0,0,TD,PRF1/UNC13D
dd188,27.144,14.454180000000001,0.5737,0.0,4.5333,0.0,0.1321,0.3919,0,TD,PRF1/STXBP2
dd190,19.601999999999997,0.0,0.5737,0.0,25.9,0.0,0.1321,0.3919,0,TD,PRF1/STXBP2
dd191,6.697989999999999,0.0,0.5737,0.0,15.17,0.0,0.1321,0.3919,0,TD,PRF1/STXBP2
dd192,17.017999999999997,0.0,0.5737,0.0,18.426,0.0,0.1321,0.3919,0,TD,PRF1/STXBP2
dd193,6.697989999999999,0.0,0.5737,0.0,14.42,0.0,0.1321,0.3919,0,TD,PRF1/STXBP2
dd194,0.0,0.0,0.1321,0.3919,11.716199999999999,11.716199999999999,0.1601,0.0,0,TD,UNC13D/STXBP2
dd195,7.237999999999999,0.0,0.1321,0.3919,9.239999999999998,0.0,0.1601,0.0,0,TD,UNC13D/STXBP2
dd196,16.872,0.0,0.1321,0.3919,13.174,0.0,0.1601,0.0,0,TD,UNC13D/STXBP2
dd197,16.103999999999996,0.0,0.1321,0.3919,10.073,0.0,0.1601,0.0,0,TD,UNC13D/STXBP2
dd198,37.800000000000004,37.800000000000004,0.1832,0.3919,19.182,0.0,0.1601,0.0,0,TD,UNC13D/STX11
dd199,19.08,34.2,0.1321,0.3919,14.972999999999999,0.0,0.1832,0.3919,0,TD,STXBP2/STX11
dd200,2.1353199999999997,0.0,0.39,0.0,0.2280000000000002,0.2280000000000002,0.1321,0.3919,0,TD,STXBP2/RAB27A
dd201,5.585999999999999,0.0,0.79,1.0,24.447000000000003,0.0,0.13,1.0,0,UK,FGFR1/PROKR2
dd202,0.20328,0.0,0.16,1.0,18.531,0.0,0.13,1.0,1,UK,KISS1R/PROKR2
dd203,6.93044,0.0,0.24,0.0,7.417619999999999,0.0,0.13,1.0,1,UK,GNRHR/PROKR2
dd204,19.671,0.0,0.2499,1.0,15.543,0.0,0.1834,0.0,0,TD,BBS1/CCDC28B
dd205,15.291499999999997,0.0,0.15,0.292,16.83,0.0,0.34,1.0,0,UK,C10orf2/POLG
dd206,12.255,11.514000000000001,0.5056,1.0,17.155,0.0,0.1054,0.0,0,TD,TMPRSS3/GJB2
dd207,11.514000000000001,0.0,0.1475,0.3919,17.155,0.0,0.2499,1.0,0,TD,ATP2B3/LAMA1
dd208,18.544,18.544,0.24,0.0,17.688000000000002,0.0,0.12,0.0,1,UK,GNRHR/PROK2
dd209,9.198,0.0,0.37,1.0,7.7872,0.0,0.38,1.0,0,UK,DSP/TTN
dd210,17.180999999999997,0.0,0.17,0.292,12.042000000000002,0.0,0.1,0.292,0,UK,MYH7/NEXN
dd211,22.493,0.0,0.17,0.292,19.3778,0.0,0.24600000000000002,0.292,0,UK,MYH7/RBM20
dd212,19.535999999999998,0.0,0.34,1.0,14.805,0.0,0.37,1.0,1,UK,DSP/JUP
dd213,15.311999999999998,0.0,0.34,1.0,20.79,0.0,0.37,1.0,1,UK,DSP/JUP
dd215,12.1296,0.0,0.16,0.0,9.9076,9.1078,0.38,1.0,0,UK,ABCC9/TTN
dd216,7.8183,0.0,0.37,1.0,9.9076,9.1078,0.38,1.0,0,UK,DSP/TTN
dd217,13.536,0.0,0.1,0.292,6.726999999999999,7.7623999999999995,0.38,1.0,0,UK,NEXN/TTN
dd218,6.697989999999999,0.0,0.5014,1.0,23.099999999999998,0.0,0.2063,0.0,0,CO,BMPR2/KCNA5
dd219,28.44,0.0,0.7373,1.0,0.0,0.0,0.6032,1.0,1,CO,NEUROD1/PDX1
dd220,2.91984,0.0,0.7373,1.0,16.66,0.0,0.6032,1.0,1,CO,NEUROD1/PDX1
dd221,6.531300000000001,0.0,0.1103,0.0,9.462,0.0,0.1702,0.0,0,TD,GPR98/PDZD7
dd222,0.75096,0.0,0.2135,0.0,12.838,0.0,0.2303,0.0,0,TD,PRPH2/ROM1
dd223,0.75096,0.0,0.2135,0.0,16.66,0.0,0.2303,0.0,0,TD,PRPH2/ROM1
dd224,28.38,0.0,0.14,0.0,21.96,21.96,0.39,0.0,0,TD,TRIM54/TRIM63
dd225,8.867999999999999,0.0,0.4,0.292,24.128,0.0,0.24600000000000002,0.0,1,TD,PSMA3/PSMB8
dd226,10.991999999999999,0.0,0.4,0.292,24.128,0.0,0.24600000000000002,0.0,1,TD,PSMA3/PSMB8
dd227,10.213,0.0,0.3,0.292,10.05082,0.0,0.24600000000000002,0.0,1,TD,PSMB4/PSMB9
dd228,18.62,0.0,0.3,0.292,21.6398,0.0,0.24600000000000002,0.0,1,TD,PSMB4/PSMB8
dd229,15.722800000000001,0.0,0.08,1.0,32.4,0.0,0.1,0.292,1,TD,CDK5RAP2/CEP152
dd230,13.4175,0.0,0.25,0.0,6.8508,0.0,0.34,0.0,1,CO,COL4A3/COL4A4
dd231,14.2275,0.0,0.25,0.0,10.830599999999999,0.0,0.34,0.0,1,CO,COL4A3/COL4A4
dd232,29.25,0.0,0.25,0.0,10.157399999999999,0.0,0.34,0.0,1,CO,COL4A3/COL4A4
dd233,10.379999999999999,0.0,0.25,0.0,6.110939999999999,0.0,0.34,0.0,1,CO,COL4A3/COL4A4
dd234,14.6025,0.0,0.25,0.0,11.4642,0.0,0.34,0.0,1,CO,COL4A3/COL4A4
dd235,13.051739999999999,0.0,0.24600000000000002,0.0,13.815000000000001,0.0,0.25,0.0,1,CO,COL4A4/COL4A5
dd236,14.80856,0.0,0.24600000000000002,0.0,12.99,0.0,0.25,0.0,1,CO,COL4A4/COL4A5
dd237,16.8142,0.0,0.24600000000000002,0.0,15.825000000000001,0.0,0.25,0.0,1,CO,COL4A4/COL4A5
dd238,14.04702,0.0,0.24600000000000002,0.0,6.46575,0.5835,0.25,0.0,1,CO,COL4A4/COL4A5
dd239,0.0,0.0,0.24600000000000002,0.292,16.683,16.683,0.17,0.292,0,TD,MAN1B1/SEC23A
dd240,26.39,0.0,0.24600000000000002,0.292,8.27138,34.684,0.24600000000000002,0.0,0,TD,C2orf71/RP1L1
dd241,1.9062999999999997,0.0,0.89,1.0,15.3881,0.0,0.11,0.292,0,TD,DISP1/SHH
dd242,14.094000000000003,0.0,0.42,1.0,16.66,0.0,0.51,1.0,0,TD,GJB2/MITF
dd243,1.7337200000000001,0.0,0.11,0.0,0.00237,0.0,0.21,1.0,1,TD,MEFV/NLRP3
dd244,9.3005,0.0,0.11,0.0,12.861200000000002,0.0,0.21,1.0,1,TD,MEFV/NLRP3
dd245,0.9447999999999995,0.0,0.92,0.0,2.86138,0.0,0.21,1.0,0,TD,MEFV/TNFRSF1A
dd246,14.325000000000001,0.0,0.25,0.0,10.183799999999998,0.0,0.34,0.0,1,UK,COL4A3/COL4A4
dd247,8.0625,0.0,0.25,0.0,10.183799999999998,0.0,0.34,0.0,1,UK,COL4A3/COL4A4
dd248,15.909400000000002,0.0,0.24600000000000002,0.0,10.183799999999998,0.0,0.34,0.0,1,UK,COL4A3/COL4A5
dd249,17.174999999999997,0.0,0.25,0.0,10.328999999999999,0.0,0.34,0.0,1,CO,COL4A3/COL4A4
dd250,9.47024,0.0,0.24600000000000002,0.0,2.766,0.0,0.25,0.0,1,TD,COL4A4/COL4A5
dd251,16.5126,0.0,0.24600000000000002,0.0,10.065,0.0,0.34,0.0,1,CO,COL4A3/COL4A5
dd252,8.446000000000002,0.0,0.59,1.0,17.1158,0.0,0.24600000000000002,1.0,1,TD,KRT14/KRT5
dd253,11.849,0.0,0.59,1.0,13.9867,0.0,0.24600000000000002,1.0,1,CO,KRT14/KRT5
dd254,7.5637799999999995,0.0,0.19,0.0,16.9464,0.0,0.08,0.0,0,CO,BMP15/SMC1B
dd255,21.84,0.0,0.09,1.0,17.0404,0.0,0.24600000000000002,0.0,0,CO,GDF9/REC8
dd256,28.8,0.0,0.1,0.0,11.130200000000002,0.0,0.42,1.0,0,CO,FOXL2/GALT
dd257,14.139000000000001,0.0,0.1,0.0,15.457,0.0,0.24600000000000002,0.0,0,CO,FIGLA/GDF9
dd258,7.5637799999999995,0.0,0.19,0.0,8.98768,0.0,0.24600000000000002,0.0,0,CO,BMP15/NOBOX
dd259,5.593926,3.7782940000000003,0.24600000000000002,0.0,8.14384,0.0,0.08,0.0,0,CO,NOBOX/SMC1B
dd260,7.5637799999999995,0.0,0.19,0.0,5.593926,0.0,0.24600000000000002,0.0,0,CO,BMP15/NOBOX
dd261,11.03856,0.0,0.24600000000000002,0.292,26.349999999999998,0.0,0.15,0.0,0,TD,PDE3A/TRAPPC9
dd262,19.08,0.0,0.1,1.0,5.89,0.0,0.62,0.0,0,TD,CYP1B1/TEK
dd263,7.5005999999999995,0.0,0.1,1.0,9.462,0.0,0.62,0.0,0,TD,CYP1B1/TEK
dd264,12.96,0.0,0.1,1.0,7.866,0.0,0.62,0.0,0,TD,CYP1B1/TEK
dd265,6.262199999999999,0.0,0.1,1.0,7.866,0.0,0.62,0.0,0,TD,CYP1B1/TEK
dd266,5.6158,0.0,0.14,0.0,16.8258,0.0,0.13,1.0,0,TD,PROKR2/WDR11
dd267,9.182599999999999,0.0,0.51,1.0,18.334000000000003,0.0,0.11,0.0,0,UK,GJB2/TMPRSS3
dd268,19.44,0.0,0.1,1.0,0.0,0.0,0.08,0.0,0,TD,EYS/LRP5
